Tanggal,Cabang,Kategori,Omset
2026-07-01,BINTARA,Gadget & Aksesoris,16200000.0
2026-07-01,BINTARA,Service,19640000.0
2026-07-01,CEGER,Gadget & Aksesoris,14880000.0
2026-07-01,CEGER,Service,21000000.0
2026-07-01,CIBINONG,Gadget & Aksesoris,900000.0
2026-07-01,CIBINONG,Service,9360000.0
2026-07-01,CIKAMPEK,Gadget & Aksesoris,14132000.0
2026-07-01,CIKAMPEK,Service,10540000.0
2026-07-01,CILANGKAP,Gadget & Aksesoris,1090000.0
2026-07-01,CILANGKAP,Service,16590000.0
2026-07-01,CINERE,Gadget & Aksesoris,13200000.0
2026-07-01,CINERE,Service,10520000.0
2026-07-01,CONDET,Gadget & Aksesoris,10470000.0
2026-07-01,CONDET,Service,20250000.0
2026-07-01,DRAMAGA,Gadget & Aksesoris,72300000.0
2026-07-01,DRAMAGA,Service,12850000.0
2026-07-01,JATIBENING,Gadget & Aksesoris,19056000.0
2026-07-01,JATIBENING,Service,11562000.0
2026-07-01,JATIMULYA,Gadget & Aksesoris,930000.0
2026-07-01,JATIMULYA,Service,24824000.0
2026-07-01,JATIWARINGIN,Gadget & Aksesoris,1876000.0
2026-07-01,JATIWARINGIN,Service,24800000.0
2026-07-01,KLENDER,Gadget & Aksesoris,30962000.0
2026-07-01,KLENDER,Service,21290000.0
2026-07-01,RADJIMAN,Gadget & Aksesoris,5401000.0
2026-07-01,RADJIMAN,Service,12810000.0
2026-07-01,SAWANGAN,Gadget & Aksesoris,4960000.0
2026-07-01,SAWANGAN,Service,13440000.0
2026-07-01,TELUKJ,Gadget & Aksesoris,9764000.0
2026-07-01,TELUKJ,Service,12500000.0
2026-07-01,WARBONG,Gadget & Aksesoris,720000.0
2026-07-01,WARBONG,Service,14690000.0
2026-07-02,BINTARA,Gadget & Aksesoris,18300000.0
2026-07-02,BINTARA,Service,23584900.0
2026-07-02,CEGER,Gadget & Aksesoris,1080000.0
2026-07-02,CEGER,Service,23400000.0
2026-07-02,CIBINONG,Gadget & Aksesoris,370000.0
2026-07-02,CIBINONG,Service,15140000.0
2026-07-02,CIKAMPEK,Gadget & Aksesoris,910000.0
2026-07-02,CIKAMPEK,Service,18980000.0
2026-07-02,CILANGKAP,Gadget & Aksesoris,1250000.0
2026-07-02,CILANGKAP,Service,12380000.0
2026-07-02,CINERE,Gadget & Aksesoris,150000.0
2026-07-02,CINERE,Service,5570000.0
2026-07-02,CONDET,Gadget & Aksesoris,390000.0
2026-07-02,CONDET,Service,14630000.0
2026-07-02,DRAMAGA,Service,24200000.0
2026-07-02,JATIBENING,Gadget & Aksesoris,8718000.0
2026-07-02,JATIBENING,Service,8600000.0
2026-07-02,JATIMULYA,Gadget & Aksesoris,1140000.0
2026-07-02,JATIMULYA,Service,16522000.0
2026-07-02,JATIWARINGIN,Service,11540000.0
2026-07-02,KLENDER,Gadget & Aksesoris,20930000.0
2026-07-02,KLENDER,Service,26240000.0
2026-07-02,RADJIMAN,Gadget & Aksesoris,6306000.0
2026-07-02,RADJIMAN,Service,7120000.0
2026-07-02,SAWANGAN,Gadget & Aksesoris,720000.0
2026-07-02,SAWANGAN,Service,14264000.0
2026-07-02,TELUKJ,Gadget & Aksesoris,1560000.0
2026-07-02,TELUKJ,Service,19240000.0
2026-07-02,WARBONG,Gadget & Aksesoris,1156000.0
2026-07-02,WARBONG,Service,10675000.0
2026-07-03,BINTARA,Gadget & Aksesoris,8000000.0
2026-07-03,BINTARA,Service,23020000.0
2026-07-03,CEGER,Gadget & Aksesoris,31610000.0
2026-07-03,CEGER,Service,11800000.0
2026-07-03,CIBINONG,Gadget & Aksesoris,970000.0
2026-07-03,CIBINONG,Service,4840150.0
2026-07-03,CIKAMPEK,Gadget & Aksesoris,1680000.0
2026-07-03,CIKAMPEK,Service,5080000.0
2026-07-03,CILANGKAP,Gadget & Aksesoris,9650000.0
2026-07-03,CILANGKAP,Service,11990000.0
2026-07-03,CINERE,Gadget & Aksesoris,4910000.0
2026-07-03,CINERE,Service,9076000.0
2026-07-03,CONDET,Gadget & Aksesoris,23200000.0
2026-07-03,CONDET,Service,7990000.0
2026-07-03,DRAMAGA,Gadget & Aksesoris,70000.0
2026-07-03,DRAMAGA,Service,11790000.0
2026-07-03,JATIBENING,Gadget & Aksesoris,4920000.0
2026-07-03,JATIBENING,Service,4900000.0
2026-07-03,JATIMULYA,Gadget & Aksesoris,1090000.0
2026-07-03,JATIMULYA,Service,11060000.0
2026-07-03,JATIWARINGIN,Gadget & Aksesoris,820000.0
2026-07-03,JATIWARINGIN,Service,3660000.0
2026-07-03,KLENDER,Gadget & Aksesoris,1070000.0
2026-07-03,KLENDER,Service,21220000.0
2026-07-03,RADJIMAN,Gadget & Aksesoris,150000.0
2026-07-03,RADJIMAN,Service,9500000.0
2026-07-03,SAWANGAN,Gadget & Aksesoris,14904000.0
2026-07-03,SAWANGAN,Service,22560000.0
2026-07-03,TELUKJ,Gadget & Aksesoris,1254022.0
2026-07-03,TELUKJ,Service,14130000.0
2026-07-03,WARBONG,Gadget & Aksesoris,8720000.0
2026-07-03,WARBONG,Service,9860000.0
2026-07-04,BINTARA,Gadget & Aksesoris,10410000.0
2026-07-04,BINTARA,Service,13500000.0
2026-07-04,CEGER,Service,16190000.0
2026-07-04,CIBINONG,Gadget & Aksesoris,5666000.0
2026-07-04,CIBINONG,Service,18740000.0
2026-07-04,CIKAMPEK,Gadget & Aksesoris,490000.0
2026-07-04,CIKAMPEK,Service,18530000.0
2026-07-04,CILANGKAP,Gadget & Aksesoris,150000.0
2026-07-04,CILANGKAP,Service,12790000.0
2026-07-04,CINERE,Gadget & Aksesoris,770000.0
2026-07-04,CINERE,Service,6434000.0
2026-07-04,CONDET,Gadget & Aksesoris,26264400.0
2026-07-04,CONDET,Service,9840000.0
2026-07-04,DRAMAGA,Gadget & Aksesoris,1620000.0
2026-07-04,DRAMAGA,Service,10080000.0
2026-07-04,JATIBENING,Gadget & Aksesoris,2850000.0
2026-07-04,JATIBENING,Service,25820000.0
2026-07-04,JATIMULYA,Gadget & Aksesoris,1480000.0
2026-07-04,JATIMULYA,Service,20450000.0
2026-07-04,JATIWARINGIN,Gadget & Aksesoris,1150000.0
2026-07-04,JATIWARINGIN,Service,14560000.0
2026-07-04,KLENDER,Gadget & Aksesoris,2606000.0
2026-07-04,KLENDER,Service,19300000.0
2026-07-04,RADJIMAN,Gadget & Aksesoris,100000.0
2026-07-04,RADJIMAN,Service,11040000.0
2026-07-04,SAWANGAN,Gadget & Aksesoris,1400000.0
2026-07-04,SAWANGAN,Service,25660000.0
2026-07-04,TELUKJ,Gadget & Aksesoris,580000.0
2026-07-04,TELUKJ,Service,11220000.0
2026-07-04,WARBONG,Gadget & Aksesoris,610000.0
2026-07-04,WARBONG,Service,12105058.0
2026-07-05,BINTARA,Gadget & Aksesoris,470000.0
2026-07-05,BINTARA,Service,23260000.0
2026-07-05,CEGER,Gadget & Aksesoris,10350000.0
2026-07-05,CEGER,Service,20750000.0
2026-07-05,CIBINONG,Gadget & Aksesoris,300000.0
2026-07-05,CIBINONG,Service,20279500.0
2026-07-05,CIKAMPEK,Gadget & Aksesoris,974000.0
2026-07-05,CIKAMPEK,Service,7880000.0
2026-07-05,CILANGKAP,Gadget & Aksesoris,16620000.0
2026-07-05,CILANGKAP,Service,13870000.0
2026-07-05,CINERE,Gadget & Aksesoris,1330000.0
2026-07-05,CINERE,Service,13500000.0
2026-07-05,CONDET,Gadget & Aksesoris,16800000.0
2026-07-05,CONDET,Service,9700000.0
2026-07-05,DRAMAGA,Gadget & Aksesoris,760000.0
2026-07-05,DRAMAGA,Service,12940000.0
2026-07-05,JATIBENING,Gadget & Aksesoris,25170000.0
2026-07-05,JATIBENING,Service,20510000.0
2026-07-05,JATIMULYA,Gadget & Aksesoris,190000.0
2026-07-05,JATIMULYA,Service,28150000.0
2026-07-05,JATIWARINGIN,Gadget & Aksesoris,690000.0
2026-07-05,JATIWARINGIN,Service,10820000.0
2026-07-05,KLENDER,Gadget & Aksesoris,1246000.0
2026-07-05,KLENDER,Service,13140000.0
2026-07-05,RADJIMAN,Gadget & Aksesoris,120000.0
2026-07-05,RADJIMAN,Service,4660000.0
2026-07-05,SAWANGAN,Gadget & Aksesoris,1620000.0
2026-07-05,SAWANGAN,Service,19290000.0
2026-07-05,TELUKJ,Gadget & Aksesoris,1950000.0
2026-07-05,TELUKJ,Service,16070000.0
2026-07-05,WARBONG,Gadget & Aksesoris,870000.0
2026-07-05,WARBONG,Service,10540000.0
2026-07-06,BINTARA,Gadget & Aksesoris,27900000.0
2026-07-06,BINTARA,Service,19420000.0
2026-07-06,CEGER,Service,21950000.0
2026-07-06,CIBINONG,Gadget & Aksesoris,670000.0
2026-07-06,CIBINONG,Service,13620000.0
2026-07-06,CIKAMPEK,Gadget & Aksesoris,15820000.0
2026-07-06,CIKAMPEK,Service,18010000.0
2026-07-06,CILANGKAP,Gadget & Aksesoris,6900000.0
2026-07-06,CILANGKAP,Service,26540000.0
2026-07-06,CINERE,Gadget & Aksesoris,770000.0
2026-07-06,CINERE,Service,5150000.0
2026-07-06,CONDET,Gadget & Aksesoris,900000.0
2026-07-06,CONDET,Service,14800000.0
2026-07-06,DRAMAGA,Gadget & Aksesoris,10700000.0
2026-07-06,DRAMAGA,Service,5186000.0
2026-07-06,JATIBENING,Gadget & Aksesoris,10596000.0
2026-07-06,JATIBENING,Service,29490000.0
2026-07-06,JATIMULYA,Gadget & Aksesoris,1580000.0
2026-07-06,JATIMULYA,Service,12720000.0
2026-07-06,JATIWARINGIN,Gadget & Aksesoris,3040000.0
2026-07-06,JATIWARINGIN,Service,10437000.0
2026-07-06,KLENDER,Gadget & Aksesoris,1868000.0
2026-07-06,KLENDER,Service,20060000.0
2026-07-06,RADJIMAN,Gadget & Aksesoris,5150000.0
2026-07-06,RADJIMAN,Service,3350000.0
2026-07-06,SAWANGAN,Gadget & Aksesoris,1840000.0
2026-07-06,SAWANGAN,Service,14570000.0
2026-07-06,TELUKJ,Gadget & Aksesoris,21048000.0
2026-07-06,TELUKJ,Service,12680000.0
2026-07-06,WARBONG,Gadget & Aksesoris,18600000.0
2026-07-06,WARBONG,Service,24750000.0
2026-07-07,BINTARA,Gadget & Aksesoris,8450000.0
2026-07-07,BINTARA,Service,18000000.0
2026-07-07,CEGER,Service,19700000.0
2026-07-07,CIBINONG,Gadget & Aksesoris,27470000.0
2026-07-07,CIBINONG,Service,12620000.0
2026-07-07,CIKAMPEK,Gadget & Aksesoris,5070000.0
2026-07-07,CIKAMPEK,Service,9880000.0
2026-07-07,CILANGKAP,Gadget & Aksesoris,860000.0
2026-07-07,CILANGKAP,Service,8790000.0
2026-07-07,CINERE,Gadget & Aksesoris,430000.0
2026-07-07,CINERE,Service,16530000.0
2026-07-07,CONDET,Gadget & Aksesoris,300000.0
2026-07-07,CONDET,Service,11600000.0
2026-07-07,DRAMAGA,Gadget & Aksesoris,4462000.0
2026-07-07,DRAMAGA,Service,10080000.0
2026-07-07,JATIBENING,Gadget & Aksesoris,460000.0
2026-07-07,JATIBENING,Service,22030000.0
2026-07-07,JATIMULYA,Gadget & Aksesoris,2190000.0
2026-07-07,JATIMULYA,Service,16490000.0
2026-07-07,JATIWARINGIN,Gadget & Aksesoris,360000.0
2026-07-07,JATIWARINGIN,Service,2450000.0
2026-07-07,KLENDER,Gadget & Aksesoris,824000.0
2026-07-07,KLENDER,Service,18240000.0
2026-07-07,RADJIMAN,Gadget & Aksesoris,400000.0
2026-07-07,RADJIMAN,Service,9500000.0
2026-07-07,SAWANGAN,Gadget & Aksesoris,1248000.0
2026-07-07,SAWANGAN,Service,13444000.0
2026-07-07,TELUKJ,Gadget & Aksesoris,1954000.0
2026-07-07,TELUKJ,Service,13400000.0
2026-07-07,WARBONG,Gadget & Aksesoris,53000000.0
2026-07-07,WARBONG,Service,21410000.0
2026-07-08,BINTARA,Gadget & Aksesoris,13050000.0
2026-07-08,BINTARA,Service,24570000.0
2026-07-08,CEGER,Gadget & Aksesoris,12020000.0
2026-07-08,CEGER,Service,13480000.0
2026-07-08,CIBINONG,Gadget & Aksesoris,15292000.0
2026-07-08,CIBINONG,Service,12960000.0
2026-07-08,CIKAMPEK,Gadget & Aksesoris,12300000.0
2026-07-08,CIKAMPEK,Service,6170000.0
2026-07-08,CILANGKAP,Gadget & Aksesoris,7940000.0
2026-07-08,CILANGKAP,Service,15900000.0
2026-07-08,CINERE,Gadget & Aksesoris,756000.0
2026-07-08,CINERE,Service,8980000.0
2026-07-08,CONDET,Gadget & Aksesoris,2200000.0
2026-07-08,CONDET,Service,12874000.0
2026-07-08,DRAMAGA,Service,11540000.0
2026-07-08,JATIBENING,Gadget & Aksesoris,6456000.0
2026-07-08,JATIBENING,Service,20280000.0
2026-07-08,JATIMULYA,Gadget & Aksesoris,1024000.0
2026-07-08,JATIMULYA,Service,21870000.0
2026-07-08,JATIWARINGIN,Gadget & Aksesoris,1480000.0
2026-07-08,JATIWARINGIN,Service,3100000.0
2026-07-08,KLENDER,Gadget & Aksesoris,2808000.0
2026-07-08,KLENDER,Service,16980000.0
2026-07-08,RADJIMAN,Service,4800000.0
2026-07-08,SAWANGAN,Gadget & Aksesoris,5510000.0
2026-07-08,SAWANGAN,Service,16200000.0
2026-07-08,TELUKJ,Gadget & Aksesoris,20382000.0
2026-07-08,TELUKJ,Service,10740000.0
2026-07-08,WARBONG,Gadget & Aksesoris,341500000.0
2026-07-08,WARBONG,Service,9100000.0
2026-07-09,BINTARA,Gadget & Aksesoris,14220000.0
2026-07-09,BINTARA,Service,15960000.0
2026-07-09,CEGER,Gadget & Aksesoris,90000.0
2026-07-09,CEGER,Service,14800000.0
2026-07-09,CIBINONG,Gadget & Aksesoris,1580000.0
2026-07-09,CIBINONG,Service,12100000.0
2026-07-09,CIKAMPEK,Gadget & Aksesoris,11890000.0
2026-07-09,CIKAMPEK,Service,10370000.0
2026-07-09,CILANGKAP,Gadget & Aksesoris,1360000.0
2026-07-09,CILANGKAP,Service,28890000.0
2026-07-09,CINERE,Gadget & Aksesoris,11300000.0
2026-07-09,CINERE,Service,12850000.0
2026-07-09,CONDET,Gadget & Aksesoris,660000.0
2026-07-09,CONDET,Service,16150000.0
2026-07-09,DRAMAGA,Gadget & Aksesoris,760000.0
2026-07-09,DRAMAGA,Service,15070000.0
2026-07-09,JATIBENING,Gadget & Aksesoris,20200000.0
2026-07-09,JATIBENING,Service,15180000.0
2026-07-09,JATIMULYA,Gadget & Aksesoris,970000.0
2026-07-09,JATIMULYA,Service,27766000.0
2026-07-09,JATIWARINGIN,Gadget & Aksesoris,1520000.0
2026-07-09,JATIWARINGIN,Service,12550000.0
2026-07-09,KLENDER,Gadget & Aksesoris,1770000.0
2026-07-09,KLENDER,Service,28960000.0
2026-07-09,PEJATEN,Gadget & Aksesoris,750000.0
2026-07-09,RADJIMAN,Service,6260000.0
2026-07-09,SAWANGAN,Gadget & Aksesoris,826000.0
2026-07-09,SAWANGAN,Service,27388000.0
2026-07-09,TELUKJ,Gadget & Aksesoris,3722000.0
2026-07-09,TELUKJ,Service,14300000.0
2026-07-09,WARBONG,Service,15150000.0
2026-07-10,BINTARA,Gadget & Aksesoris,22400000.0
2026-07-10,BINTARA,Service,16000000.0
2026-07-10,CEGER,Gadget & Aksesoris,620000.0
2026-07-10,CEGER,Service,8600000.0
2026-07-10,CIBINONG,Gadget & Aksesoris,300000.0
2026-07-10,CIBINONG,Service,10600000.0
2026-07-10,CIKAMPEK,Gadget & Aksesoris,1550000.0
2026-07-10,CIKAMPEK,Service,11410000.0
2026-07-10,CILANGKAP,Gadget & Aksesoris,16760000.0
2026-07-10,CILANGKAP,Service,9320000.0
2026-07-10,CINERE,Gadget & Aksesoris,880000.0
2026-07-10,CINERE,Service,7540000.0
2026-07-10,CONDET,Gadget & Aksesoris,200000.0
2026-07-10,CONDET,Service,16600000.0
2026-07-10,DRAMAGA,Gadget & Aksesoris,140000.0
2026-07-10,DRAMAGA,Service,7700000.0
2026-07-10,JATIBENING,Gadget & Aksesoris,10538000.0
2026-07-10,JATIBENING,Service,15600000.0
2026-07-10,JATIMULYA,Gadget & Aksesoris,3780000.0
2026-07-10,JATIMULYA,Service,20583000.0
2026-07-10,JATIWARINGIN,Gadget & Aksesoris,1710000.0
2026-07-10,JATIWARINGIN,Service,20500000.0
2026-07-10,KLENDER,Gadget & Aksesoris,6056000.0
2026-07-10,KLENDER,Service,19370000.0
2026-07-10,PEJATEN,Gadget & Aksesoris,440000.0
2026-07-10,PEJATEN,Service,6844000.0
2026-07-10,RADJIMAN,Service,7420000.0
2026-07-10,SAWANGAN,Gadget & Aksesoris,8858000.0
2026-07-10,SAWANGAN,Service,20590000.0
2026-07-10,TELUKJ,Gadget & Aksesoris,711000.0
2026-07-10,TELUKJ,Service,17340000.0
2026-07-10,WARBONG,Gadget & Aksesoris,300000.0
2026-07-10,WARBONG,Service,10170000.0
2026-07-11,BINTARA,Gadget & Aksesoris,26790000.0
2026-07-11,BINTARA,Service,18560000.0
2026-07-11,CEGER,Gadget & Aksesoris,650000.0
2026-07-11,CEGER,Service,16800000.0
2026-07-11,CIBINONG,Gadget & Aksesoris,13630000.0
2026-07-11,CIBINONG,Service,12890000.0
2026-07-11,CIKAMPEK,Gadget & Aksesoris,510000.0
2026-07-11,CIKAMPEK,Service,11970000.0
2026-07-11,CILANGKAP,Gadget & Aksesoris,1420000.0
2026-07-11,CILANGKAP,Service,21740000.0
2026-07-11,CINERE,Gadget & Aksesoris,4470000.0
2026-07-11,CINERE,Service,9440000.0
2026-07-11,CONDET,Gadget & Aksesoris,14660000.0
2026-07-11,CONDET,Service,12910000.0
2026-07-11,DRAMAGA,Gadget & Aksesoris,600000.0
2026-07-11,DRAMAGA,Service,9510000.0
2026-07-11,JATIBENING,Gadget & Aksesoris,6930000.0
2026-07-11,JATIBENING,Service,14504000.0
2026-07-11,JATIMULYA,Gadget & Aksesoris,4410000.0
2026-07-11,JATIMULYA,Service,19380000.0
2026-07-11,JATIWARINGIN,Gadget & Aksesoris,1390000.0
2026-07-11,JATIWARINGIN,Service,6500000.0
2026-07-11,KLENDER,Gadget & Aksesoris,2506000.0
2026-07-11,KLENDER,Service,17510000.0
2026-07-11,PEJATEN,Gadget & Aksesoris,12400000.0
2026-07-11,PEJATEN,Service,1140000.0
2026-07-11,RADJIMAN,Gadget & Aksesoris,50000.0
2026-07-11,RADJIMAN,Service,6884000.0
2026-07-11,SAWANGAN,Gadget & Aksesoris,810000.0
2026-07-11,SAWANGAN,Service,26390000.0
2026-07-11,TELUKJ,Gadget & Aksesoris,11866000.0
2026-07-11,TELUKJ,Service,11240000.0
2026-07-11,WARBONG,Gadget & Aksesoris,33582000.0
2026-07-11,WARBONG,Service,7250000.0
2026-07-12,BINTARA,Gadget & Aksesoris,28840000.0
2026-07-12,BINTARA,Service,16640000.0
2026-07-12,CEGER,Gadget & Aksesoris,420000.0
2026-07-12,CEGER,Service,13170000.0
2026-07-12,CIBINONG,Gadget & Aksesoris,820000.0
2026-07-12,CIBINONG,Service,6660000.0
2026-07-12,CIKAMPEK,Gadget & Aksesoris,1260000.0
2026-07-12,CIKAMPEK,Service,7540000.0
2026-07-12,CILANGKAP,Gadget & Aksesoris,400000.0
2026-07-12,CILANGKAP,Service,21280000.0
2026-07-12,CINERE,Gadget & Aksesoris,380000.0
2026-07-12,CINERE,Service,15680000.0
2026-07-12,CONDET,Gadget & Aksesoris,12350000.0
2026-07-12,CONDET,Service,8900000.0
2026-07-12,DRAMAGA,Gadget & Aksesoris,810000.0
2026-07-12,DRAMAGA,Service,6210000.0
2026-07-12,JATIBENING,Gadget & Aksesoris,17090000.0
2026-07-12,JATIBENING,Service,24010000.0
2026-07-12,JATIMULYA,Gadget & Aksesoris,2180000.0
2026-07-12,JATIMULYA,Service,7220000.0
2026-07-12,JATIWARINGIN,Gadget & Aksesoris,200000.0
2026-07-12,JATIWARINGIN,Service,2940000.0
2026-07-12,KLENDER,Gadget & Aksesoris,1198000.0
2026-07-12,KLENDER,Service,10890000.0
2026-07-12,PEJATEN,Gadget & Aksesoris,10650000.0
2026-07-12,PEJATEN,Service,1680000.0
2026-07-12,RADJIMAN,Gadget & Aksesoris,60000.0
2026-07-12,RADJIMAN,Service,11120000.0
2026-07-12,SAWANGAN,Gadget & Aksesoris,2360000.0
2026-07-12,SAWANGAN,Service,20800000.0
2026-07-12,TELUKJ,Gadget & Aksesoris,4287000.0
2026-07-12,TELUKJ,Service,7950000.0
2026-07-12,WARBONG,Gadget & Aksesoris,22100000.0
2026-07-12,WARBONG,Service,13030000.0
2026-07-13,BINTARA,Gadget & Aksesoris,1250000.0
2026-07-13,BINTARA,Service,21120000.0
2026-07-13,CEGER,Gadget & Aksesoris,500000.0
2026-07-13,CEGER,Service,18850000.0
2026-07-13,CIBINONG,Gadget & Aksesoris,7600000.0
2026-07-13,CIBINONG,Service,17454000.0
2026-07-13,CIKAMPEK,Gadget & Aksesoris,1350000.0
2026-07-13,CIKAMPEK,Service,7312000.0
2026-07-13,CILANGKAP,Gadget & Aksesoris,150000.0
2026-07-13,CILANGKAP,Service,12150000.0
2026-07-13,CINERE,Gadget & Aksesoris,1370000.0
2026-07-13,CINERE,Service,13340000.0
2026-07-13,CONDET,Gadget & Aksesoris,800000.0
2026-07-13,CONDET,Service,15600000.0
2026-07-13,DRAMAGA,Gadget & Aksesoris,220000.0
2026-07-13,DRAMAGA,Service,9730000.0
2026-07-13,JATIBENING,Gadget & Aksesoris,5330000.0
2026-07-13,JATIBENING,Service,9478000.0
2026-07-13,JATIMULYA,Gadget & Aksesoris,1740000.0
2026-07-13,JATIMULYA,Service,24000000.0
2026-07-13,JATIWARINGIN,Gadget & Aksesoris,730000.0
2026-07-13,JATIWARINGIN,Service,15880000.0
2026-07-13,KLENDER,Gadget & Aksesoris,16664000.0
2026-07-13,KLENDER,Service,12510000.0
2026-07-13,PEJATEN,Gadget & Aksesoris,13690000.0
2026-07-13,PEJATEN,Service,4630000.0
2026-07-13,RADJIMAN,Gadget & Aksesoris,150000.0
2026-07-13,RADJIMAN,Service,5140000.0
2026-07-13,SAWANGAN,Gadget & Aksesoris,20790000.0
2026-07-13,SAWANGAN,Service,17510000.0
2026-07-13,TELUKJ,Gadget & Aksesoris,2198000.0
2026-07-13,TELUKJ,Service,10570000.0
2026-07-13,WARBONG,Gadget & Aksesoris,12700000.0
2026-07-13,WARBONG,Service,13720000.0
2026-07-14,BINTARA,Gadget & Aksesoris,23130000.0
2026-07-14,BINTARA,Service,20670000.0
2026-07-14,CEGER,Gadget & Aksesoris,480000.0
2026-07-14,CEGER,Service,17200000.0
2026-07-14,CIBINONG,Gadget & Aksesoris,480000.0
2026-07-14,CIBINONG,Service,10756000.0
2026-07-14,CIKAMPEK,Gadget & Aksesoris,8510000.0
2026-07-14,CIKAMPEK,Service,10190000.0
2026-07-14,CILANGKAP,Gadget & Aksesoris,840000.0
2026-07-14,CILANGKAP,Service,9200000.0
2026-07-14,CINERE,Gadget & Aksesoris,720000.0
2026-07-14,CINERE,Service,14180000.0
2026-07-14,CONDET,Gadget & Aksesoris,650000.0
2026-07-14,CONDET,Service,32260000.0
2026-07-14,DRAMAGA,Gadget & Aksesoris,340000.0
2026-07-14,DRAMAGA,Service,14894000.0
2026-07-14,JATIBENING,Gadget & Aksesoris,1450000.0
2026-07-14,JATIBENING,Service,17400000.0
2026-07-14,JATIMULYA,Gadget & Aksesoris,6970000.0
2026-07-14,JATIMULYA,Service,10468000.0
2026-07-14,JATIWARINGIN,Gadget & Aksesoris,840000.0
2026-07-14,JATIWARINGIN,Service,8844000.0
2026-07-14,KLENDER,Gadget & Aksesoris,366000.0
2026-07-14,KLENDER,Service,17240000.0
2026-07-14,PEJATEN,Gadget & Aksesoris,8784000.0
2026-07-14,PEJATEN,Service,4030000.0
2026-07-14,RADJIMAN,Gadget & Aksesoris,636000000.0
2026-07-14,RADJIMAN,Service,11960000.0
2026-07-14,SAWANGAN,Gadget & Aksesoris,180000.0
2026-07-14,SAWANGAN,Service,13103872.4
2026-07-14,TELUKJ,Gadget & Aksesoris,8344000.0
2026-07-14,TELUKJ,Service,9890000.0
2026-07-14,WARBONG,Gadget & Aksesoris,780000.0
2026-07-14,WARBONG,Service,12010000.0
2026-07-15,BINTARA,Gadget & Aksesoris,9300000.0
2026-07-15,BINTARA,Service,23810000.0
2026-07-15,CEGER,Gadget & Aksesoris,55940000.0
2026-07-15,CEGER,Service,11650000.0
2026-07-15,CIBINONG,Gadget & Aksesoris,21596000.0
2026-07-15,CIBINONG,Service,22894000.0
2026-07-15,CIKAMPEK,Gadget & Aksesoris,1660000.0
2026-07-15,CIKAMPEK,Service,10370000.0
2026-07-15,CILANGKAP,Gadget & Aksesoris,600000.0
2026-07-15,CILANGKAP,Service,18330000.0
2026-07-15,CINERE,Gadget & Aksesoris,630000.0
2026-07-15,CINERE,Service,21747500.0
2026-07-15,CONDET,Gadget & Aksesoris,108284000.0
2026-07-15,CONDET,Service,11898000.0
2026-07-15,DRAMAGA,Gadget & Aksesoris,340000.0
2026-07-15,DRAMAGA,Service,12170000.0
2026-07-15,JATIBENING,Gadget & Aksesoris,2260000.0
2026-07-15,JATIBENING,Service,14544000.0
2026-07-15,JATIMULYA,Gadget & Aksesoris,13000000.0
2026-07-15,JATIMULYA,Service,12536000.0
2026-07-15,JATIWARINGIN,Gadget & Aksesoris,640000.0
2026-07-15,JATIWARINGIN,Service,17300000.0
2026-07-15,KLENDER,Gadget & Aksesoris,14092000.0
2026-07-15,KLENDER,Service,9020000.0
2026-07-15,PEJATEN,Gadget & Aksesoris,110000.0
2026-07-15,PEJATEN,Service,2890000.0
2026-07-15,RADJIMAN,Service,4200000.0
2026-07-15,SAWANGAN,Gadget & Aksesoris,30991680.0
2026-07-15,SAWANGAN,Service,27100000.0
2026-07-15,TELUKJ,Gadget & Aksesoris,1530000.0
2026-07-15,TELUKJ,Service,7610000.0
2026-07-15,WARBONG,Gadget & Aksesoris,1498000.0
2026-07-15,WARBONG,Service,13240000.0
2026-07-16,BINTARA,Gadget & Aksesoris,1130000.0
2026-07-16,BINTARA,Service,10500000.0
2026-07-16,CEGER,Gadget & Aksesoris,1310000.0
2026-07-16,CEGER,Service,17350000.0
2026-07-16,CIBINONG,Gadget & Aksesoris,190000.0
2026-07-16,CIBINONG,Service,12480000.0
2026-07-16,CIKAMPEK,Gadget & Aksesoris,1300000.0
2026-07-16,CIKAMPEK,Service,4910000.0
2026-07-16,CILANGKAP,Gadget & Aksesoris,18221404.0
2026-07-16,CILANGKAP,Service,22684000.0
2026-07-16,CINERE,Gadget & Aksesoris,3610000.0
2026-07-16,CINERE,Service,12130000.0
2026-07-16,CONDET,Gadget & Aksesoris,350500000.0
2026-07-16,CONDET,Service,14640000.0
2026-07-16,DRAMAGA,Service,4990000.0
2026-07-16,JATIBENING,Gadget & Aksesoris,3730000.0
2026-07-16,JATIBENING,Service,10190000.0
2026-07-16,JATIMULYA,Gadget & Aksesoris,540000.0
2026-07-16,JATIMULYA,Service,16190000.0
2026-07-16,JATIWARINGIN,Gadget & Aksesoris,40000.0
2026-07-16,JATIWARINGIN,Service,3580000.0
2026-07-16,KLENDER,Gadget & Aksesoris,1394000.0
2026-07-16,KLENDER,Service,13550000.0
2026-07-16,PEJATEN,Service,3140000.0
2026-07-16,RADJIMAN,Gadget & Aksesoris,640950000.0
2026-07-16,RADJIMAN,Service,10776000.0
2026-07-16,SAWANGAN,Gadget & Aksesoris,1570000.0
2026-07-16,SAWANGAN,Service,12180000.0
2026-07-16,TELUKJ,Gadget & Aksesoris,8360000.0
2026-07-16,TELUKJ,Service,7300000.0
2026-07-16,WARBONG,Gadget & Aksesoris,220000.0
2026-07-16,WARBONG,Service,3260000.0
2026-07-17,BINTARA,Gadget & Aksesoris,7740000.0
2026-07-17,BINTARA,Service,15200000.0
2026-07-17,CEGER,Gadget & Aksesoris,300000.0
2026-07-17,CEGER,Service,18950000.0
2026-07-17,CIBINONG,Gadget & Aksesoris,760000.0
2026-07-17,CIBINONG,Service,6857500.0
2026-07-17,CIKAMPEK,Gadget & Aksesoris,347170000.0
2026-07-17,CIKAMPEK,Service,7000000.0
2026-07-17,CILANGKAP,Gadget & Aksesoris,7580000.0
2026-07-17,CILANGKAP,Service,14524000.0
2026-07-17,CINERE,Gadget & Aksesoris,575880000.0
2026-07-17,CINERE,Service,12850000.0
2026-07-17,CONDET,Gadget & Aksesoris,60000.0
2026-07-17,CONDET,Service,10200000.0
2026-07-17,DRAMAGA,Gadget & Aksesoris,2280000.0
2026-07-17,DRAMAGA,Service,29438000.0
2026-07-17,JATIBENING,Gadget & Aksesoris,507500000.0
2026-07-17,JATIBENING,Service,20110000.0
2026-07-17,JATIMULYA,Gadget & Aksesoris,3140000.0
2026-07-17,JATIMULYA,Service,10300000.0
2026-07-17,JATIWARINGIN,Gadget & Aksesoris,930000.0
2026-07-17,JATIWARINGIN,Service,6980000.0
2026-07-17,KLENDER,Gadget & Aksesoris,602474000.0
2026-07-17,KLENDER,Service,9980000.0
2026-07-17,PEJATEN,Gadget & Aksesoris,6748000.0
2026-07-17,PEJATEN,Service,2900000.0
2026-07-17,RADJIMAN,Gadget & Aksesoris,7600000.0
2026-07-17,RADJIMAN,Service,8580000.0
2026-07-17,SAWANGAN,Gadget & Aksesoris,3650000.0
2026-07-17,SAWANGAN,Service,12410000.0
2026-07-17,TELUKJ,Gadget & Aksesoris,26718000.0
2026-07-17,TELUKJ,Service,11340000.0
2026-07-17,WARBONG,Gadget & Aksesoris,508170000.0
2026-07-17,WARBONG,Service,13462700.0
2026-07-18,BINTARA,Gadget & Aksesoris,740000.0
2026-07-18,BINTARA,Service,21200000.0
2026-07-18,CEGER,Gadget & Aksesoris,550000.0
2026-07-18,CEGER,Service,22600000.0
2026-07-18,CIBINONG,Gadget & Aksesoris,384000.0
2026-07-18,CIBINONG,Service,10493500.0
2026-07-18,CIKAMPEK,Gadget & Aksesoris,29800000.0
2026-07-18,CIKAMPEK,Service,4460000.0
2026-07-18,CILANGKAP,Gadget & Aksesoris,200000.0
2026-07-18,CILANGKAP,Service,19790000.0
2026-07-18,CINERE,Gadget & Aksesoris,640000.0
2026-07-18,CINERE,Service,13160000.0
2026-07-18,CONDET,Gadget & Aksesoris,2070000.0
2026-07-18,CONDET,Service,16310000.0
2026-07-18,DRAMAGA,Service,10212000.0
2026-07-18,JATIBENING,Gadget & Aksesoris,9075000.0
2026-07-18,JATIBENING,Service,13530000.0
2026-07-18,JATIMULYA,Gadget & Aksesoris,800000.0
2026-07-18,JATIMULYA,Service,13750000.0
2026-07-18,JATIWARINGIN,Gadget & Aksesoris,150000.0
2026-07-18,JATIWARINGIN,Service,4100000.0
2026-07-18,KLENDER,Gadget & Aksesoris,2080000.0
2026-07-18,KLENDER,Service,10318000.0
2026-07-18,PEJATEN,Gadget & Aksesoris,210000.0
2026-07-18,PEJATEN,Service,3620000.0
2026-07-18,RADJIMAN,Service,9560000.0
2026-07-18,SAWANGAN,Gadget & Aksesoris,690000.0
2026-07-18,SAWANGAN,Service,10520000.0
2026-07-18,TELUKJ,Gadget & Aksesoris,2476000.0
2026-07-18,TELUKJ,Service,24750000.0
2026-07-18,WARBONG,Gadget & Aksesoris,775000.0
2026-07-18,WARBONG,Service,9840000.0
2026-07-19,BINTARA,Gadget & Aksesoris,32800000.0
2026-07-19,BINTARA,Service,36420000.0
2026-07-19,CEGER,Gadget & Aksesoris,240000.0
2026-07-19,CEGER,Service,25760000.0
2026-07-19,CIBINONG,Gadget & Aksesoris,1360000.0
2026-07-19,CIBINONG,Service,18247500.0
2026-07-19,CIKAMPEK,Gadget & Aksesoris,1390000.0
2026-07-19,CIKAMPEK,Service,27820000.0
2026-07-19,CILANGKAP,Gadget & Aksesoris,900000.0
2026-07-19,CILANGKAP,Service,8620000.0
2026-07-19,CINERE,Gadget & Aksesoris,1960000.0
2026-07-19,CINERE,Service,4780000.0
2026-07-19,CONDET,Gadget & Aksesoris,36570000.0
2026-07-19,CONDET,Service,14200000.0
2026-07-19,DRAMAGA,Service,9470000.0
2026-07-19,JATIBENING,Gadget & Aksesoris,1500000.0
2026-07-19,JATIBENING,Service,7210000.0
2026-07-19,JATIMULYA,Gadget & Aksesoris,8420000.0
2026-07-19,JATIMULYA,Service,6670000.0
2026-07-19,JATIWARINGIN,Gadget & Aksesoris,590000.0
2026-07-19,JATIWARINGIN,Service,4890000.0
2026-07-19,KLENDER,Gadget & Aksesoris,15072000.0
2026-07-19,KLENDER,Service,19820000.0
2026-07-19,PEJATEN,Service,1280000.0
2026-07-19,RADJIMAN,Service,6250000.0
2026-07-19,SAWANGAN,Gadget & Aksesoris,2560000.0
2026-07-19,SAWANGAN,Service,10890000.0
2026-07-19,TELUKJ,Gadget & Aksesoris,5254000.0
2026-07-19,TELUKJ,Service,16880000.0
2026-07-19,WARBONG,Gadget & Aksesoris,1530000.0
2026-07-19,WARBONG,Service,8210000.0
2026-07-20,BINTARA,Gadget & Aksesoris,760000.0
2026-07-20,BINTARA,Service,28170000.0
2026-07-20,CEGER,Gadget & Aksesoris,11900000.0
2026-07-20,CEGER,Service,20620000.0
2026-07-20,CIBINONG,Gadget & Aksesoris,450000.0
2026-07-20,CIBINONG,Service,24795300.0
2026-07-20,CIKAMPEK,Gadget & Aksesoris,27227204.0
2026-07-20,CIKAMPEK,Service,4600000.0
2026-07-20,CILANGKAP,Gadget & Aksesoris,860000.0
2026-07-20,CILANGKAP,Service,10640000.0
2026-07-20,CINERE,Gadget & Aksesoris,300000.0
2026-07-20,CINERE,Service,13060000.0
2026-07-20,CONDET,Gadget & Aksesoris,81020000.0
2026-07-20,CONDET,Service,2700000.0
2026-07-20,DRAMAGA,Gadget & Aksesoris,32240000.0
2026-07-20,DRAMAGA,Service,14030000.0
2026-07-20,JATIBENING,Gadget & Aksesoris,5610000.0
2026-07-20,JATIBENING,Service,10390000.0
2026-07-20,JATIMULYA,Gadget & Aksesoris,1040000.0
2026-07-20,JATIMULYA,Service,16090000.0
2026-07-20,JATIWARINGIN,Gadget & Aksesoris,5230000.0
2026-07-20,JATIWARINGIN,Service,2620000.0
2026-07-20,KLENDER,Gadget & Aksesoris,1576000.0
2026-07-20,KLENDER,Service,6140000.0
2026-07-20,PEJATEN,Gadget & Aksesoris,5300000.0
2026-07-20,PEJATEN,Service,4500000.0
2026-07-20,RADJIMAN,Service,5590000.0
2026-07-20,SAWANGAN,Gadget & Aksesoris,354620000.0
2026-07-20,SAWANGAN,Service,29191000.0
2026-07-20,TELUKJ,Gadget & Aksesoris,6892000.0
2026-07-20,TELUKJ,Service,19200000.0
2026-07-20,WARBONG,Gadget & Aksesoris,27360000.0
2026-07-20,WARBONG,Service,7820000.0
2026-07-21,BINTARA,Service,6500000.0
2026-07-21,CEGER,Gadget & Aksesoris,150000.0
2026-07-21,CEGER,Service,26200000.0
2026-07-21,CIBINONG,Gadget & Aksesoris,200000.0
2026-07-21,CIBINONG,Service,13930000.0
2026-07-21,CIKAMPEK,Gadget & Aksesoris,24880000.0
2026-07-21,CIKAMPEK,Service,6000000.0
2026-07-21,CILANGKAP,Gadget & Aksesoris,15800000.0
2026-07-21,CILANGKAP,Service,16940000.0
2026-07-21,CINERE,Gadget & Aksesoris,1350000.0
2026-07-21,CINERE,Service,6730000.0
2026-07-21,CONDET,Gadget & Aksesoris,13290000.0
2026-07-21,CONDET,Service,24120000.0
2026-07-21,DRAMAGA,Gadget & Aksesoris,631370000.0
2026-07-21,DRAMAGA,Service,3690000.0
2026-07-21,JATIBENING,Gadget & Aksesoris,850000.0
2026-07-21,JATIBENING,Service,16810000.0
2026-07-21,JATIMULYA,Gadget & Aksesoris,750000.0
2026-07-21,JATIMULYA,Service,12452000.0
2026-07-21,JATIWARINGIN,Gadget & Aksesoris,446250000.0
2026-07-21,JATIWARINGIN,Service,6940000.0
2026-07-21,KLENDER,Gadget & Aksesoris,1626000.0
2026-07-21,KLENDER,Service,27520000.0
2026-07-21,PEJATEN,Gadget & Aksesoris,4100000.0
2026-07-21,PEJATEN,Service,8090000.0
2026-07-21,RADJIMAN,Service,4410000.0
2026-07-21,SAWANGAN,Gadget & Aksesoris,5579460.0
2026-07-21,SAWANGAN,Service,19960000.0
2026-07-21,TELUKJ,Gadget & Aksesoris,1010000.0
2026-07-21,TELUKJ,Service,6200000.0
2026-07-21,WARBONG,Gadget & Aksesoris,720000.0
2026-07-21,WARBONG,Service,10730000.0
2026-07-22,BINTARA,Gadget & Aksesoris,630000.0
2026-07-22,BINTARA,Service,12346000.0
2026-07-22,CEGER,Gadget & Aksesoris,1750000.0
2026-07-22,CEGER,Service,16870000.0
2026-07-22,CIBINONG,Service,14719600.0
2026-07-22,CIKAMPEK,Gadget & Aksesoris,7370000.0
2026-07-22,CIKAMPEK,Service,6470000.0
2026-07-22,CILANGKAP,Gadget & Aksesoris,180000.0
2026-07-22,CILANGKAP,Service,17050000.0
2026-07-22,CINERE,Gadget & Aksesoris,910000.0
2026-07-22,CINERE,Service,12282200.0
2026-07-22,CONDET,Gadget & Aksesoris,2164000.0
2026-07-22,CONDET,Service,13600000.0
2026-07-22,DRAMAGA,Gadget & Aksesoris,80586000.0
2026-07-22,DRAMAGA,Service,7660000.0
2026-07-22,JATIBENING,Gadget & Aksesoris,770000.0
2026-07-22,JATIBENING,Service,10056000.0
2026-07-22,JATIMULYA,Gadget & Aksesoris,1260000.0
2026-07-22,JATIMULYA,Service,20290000.0
2026-07-22,JATIWARINGIN,Gadget & Aksesoris,500000.0
2026-07-22,JATIWARINGIN,Service,10040000.0
2026-07-22,KLENDER,Gadget & Aksesoris,870000.0
2026-07-22,KLENDER,Service,25500000.0
2026-07-22,PEJATEN,Gadget & Aksesoris,260000.0
2026-07-22,PEJATEN,Service,7200000.0
2026-07-22,RADJIMAN,Gadget & Aksesoris,150000.0
2026-07-22,RADJIMAN,Service,7260000.0
2026-07-22,SAWANGAN,Gadget & Aksesoris,1010000.0
2026-07-22,SAWANGAN,Service,12030000.0
2026-07-22,TELUKJ,Gadget & Aksesoris,1072000.0
2026-07-22,TELUKJ,Service,8930000.0
2026-07-22,WARBONG,Gadget & Aksesoris,2206000.0
2026-07-22,WARBONG,Service,10720000.0
2026-07-23,BINTARA,Gadget & Aksesoris,1450000.0
2026-07-23,BINTARA,Service,25610000.0
2026-07-23,CEGER,Gadget & Aksesoris,800000.0
2026-07-23,CEGER,Service,14427000.0
2026-07-23,CIBINONG,Gadget & Aksesoris,23700000.0
2026-07-23,CIBINONG,Service,13464500.0
2026-07-23,CIKAMPEK,Gadget & Aksesoris,20880000.0
2026-07-23,CIKAMPEK,Service,13300000.0
2026-07-23,CILANGKAP,Gadget & Aksesoris,100000.0
2026-07-23,CILANGKAP,Service,15750000.0
2026-07-23,CINERE,Gadget & Aksesoris,1700000.0
2026-07-23,CINERE,Service,11454928.0
2026-07-23,CONDET,Service,14450000.0
2026-07-23,DRAMAGA,Gadget & Aksesoris,690000.0
2026-07-23,DRAMAGA,Service,5960000.0
2026-07-23,JATIBENING,Gadget & Aksesoris,898000.0
2026-07-23,JATIBENING,Service,20490000.0
2026-07-23,JATIMULYA,Gadget & Aksesoris,560000.0
2026-07-23,JATIMULYA,Service,25660000.0
2026-07-23,JATIWARINGIN,Gadget & Aksesoris,940000.0
2026-07-23,JATIWARINGIN,Service,14960000.0
2026-07-23,KLENDER,Gadget & Aksesoris,564000.0
2026-07-23,KLENDER,Service,13370000.0
2026-07-23,PEJATEN,Gadget & Aksesoris,184000.0
2026-07-23,PEJATEN,Service,5800000.0
2026-07-23,RADJIMAN,Gadget & Aksesoris,150000.0
2026-07-23,RADJIMAN,Service,8490000.0
2026-07-23,SAWANGAN,Gadget & Aksesoris,21410000.0
2026-07-23,SAWANGAN,Service,13360000.0
2026-07-23,TELUKJ,Gadget & Aksesoris,1710000.0
2026-07-23,TELUKJ,Service,9800000.0
2026-07-23,WARBONG,Gadget & Aksesoris,13600000.0
2026-07-23,WARBONG,Service,19920000.0
2026-07-24,BINTARA,Gadget & Aksesoris,820000.0
2026-07-24,BINTARA,Service,31100000.0
2026-07-24,CEGER,Gadget & Aksesoris,1500000.0
2026-07-24,CEGER,Service,16600000.0
2026-07-24,CIBINONG,Gadget & Aksesoris,451580000.0
2026-07-24,CIBINONG,Service,23668500.0
2026-07-24,CIKAMPEK,Gadget & Aksesoris,390000.0
2026-07-24,CIKAMPEK,Service,14200000.0
2026-07-24,CILANGKAP,Gadget & Aksesoris,5740000.0
2026-07-24,CILANGKAP,Service,18820000.0
2026-07-24,CINERE,Gadget & Aksesoris,27000000.0
2026-07-24,CINERE,Service,21770000.0
2026-07-24,CONDET,Gadget & Aksesoris,79124000.0
2026-07-24,CONDET,Service,15780000.0
2026-07-24,DRAMAGA,Gadget & Aksesoris,3560000.0
2026-07-24,DRAMAGA,Service,5320000.0
2026-07-24,JATIBENING,Gadget & Aksesoris,5540000.0
2026-07-24,JATIBENING,Service,16270000.0
2026-07-24,JATIMULYA,Gadget & Aksesoris,610000.0
2026-07-24,JATIMULYA,Service,18070000.0
2026-07-24,JATIWARINGIN,Gadget & Aksesoris,1120000.0
2026-07-24,JATIWARINGIN,Service,4080000.0
2026-07-24,KLENDER,Gadget & Aksesoris,24202000.0
2026-07-24,KLENDER,Service,15600000.0
2026-07-24,PEJATEN,Gadget & Aksesoris,150000.0
2026-07-24,PEJATEN,Service,7070000.0
2026-07-24,RADJIMAN,Gadget & Aksesoris,15100000.0
2026-07-24,RADJIMAN,Service,6020000.0
2026-07-24,SAWANGAN,Gadget & Aksesoris,500000.0
2026-07-24,SAWANGAN,Service,28350000.0
2026-07-24,TELUKJ,Gadget & Aksesoris,17580000.0
2026-07-24,TELUKJ,Service,6710000.0
2026-07-24,WARBONG,Gadget & Aksesoris,1176000.0
2026-07-24,WARBONG,Service,19380000.0
2026-07-25,BINTARA,Gadget & Aksesoris,1070000.0
2026-07-25,BINTARA,Service,13300000.0
2026-07-25,CEGER,Gadget & Aksesoris,15710000.0
2026-07-25,CEGER,Service,40094000.0
2026-07-25,CIBINONG,Gadget & Aksesoris,15640000.0
2026-07-25,CIBINONG,Service,8170000.0
2026-07-25,CIKAMPEK,Gadget & Aksesoris,170000.0
2026-07-25,CIKAMPEK,Service,14170000.0
2026-07-25,CILANGKAP,Gadget & Aksesoris,7750000.0
2026-07-25,CILANGKAP,Service,14841000.0
2026-07-25,CINERE,Gadget & Aksesoris,10360000.0
2026-07-25,CINERE,Service,11960000.0
2026-07-25,CONDET,Gadget & Aksesoris,23760000.0
2026-07-25,CONDET,Service,21100000.0
2026-07-25,DRAMAGA,Gadget & Aksesoris,150000.0
2026-07-25,DRAMAGA,Service,5680000.0
2026-07-25,JATIBENING,Gadget & Aksesoris,1492000.0
2026-07-25,JATIBENING,Service,24780000.0
2026-07-25,JATIMULYA,Gadget & Aksesoris,4080000.0
2026-07-25,JATIMULYA,Service,16240000.0
2026-07-25,JATIWARINGIN,Gadget & Aksesoris,1380000.0
2026-07-25,JATIWARINGIN,Service,9200000.0
2026-07-25,KLENDER,Gadget & Aksesoris,2022000.0
2026-07-25,KLENDER,Service,14000000.0
2026-07-25,PEJATEN,Service,2800000.0
2026-07-25,RADJIMAN,Gadget & Aksesoris,450000.0
2026-07-25,RADJIMAN,Service,9710000.0
2026-07-25,SAWANGAN,Gadget & Aksesoris,24621498.0
2026-07-25,SAWANGAN,Service,11810000.0
2026-07-25,TELUKJ,Gadget & Aksesoris,22590000.0
2026-07-25,TELUKJ,Service,10700000.0
2026-07-25,WARBONG,Gadget & Aksesoris,790000.0
2026-07-25,WARBONG,Service,7930000.0
2026-07-26,BINTARA,Gadget & Aksesoris,12750000.0
2026-07-26,BINTARA,Service,22360000.0
2026-07-26,CEGER,Gadget & Aksesoris,190000.0
2026-07-26,CEGER,Service,20350000.0
2026-07-26,CIBINONG,Gadget & Aksesoris,20040000.0
2026-07-26,CIBINONG,Service,10320150.0
2026-07-26,CIKAMPEK,Gadget & Aksesoris,17478000.0
2026-07-26,CIKAMPEK,Service,16320000.0
2026-07-26,CILANGKAP,Gadget & Aksesoris,300000.0
2026-07-26,CILANGKAP,Service,16970000.0
2026-07-26,CINERE,Gadget & Aksesoris,940000.0
2026-07-26,CINERE,Service,37640000.0
2026-07-26,CONDET,Gadget & Aksesoris,1540000.0
2026-07-26,CONDET,Service,6200000.0
2026-07-26,DRAMAGA,Service,4450000.0
2026-07-26,JATIBENING,Gadget & Aksesoris,5160000.0
2026-07-26,JATIBENING,Service,16840000.0
2026-07-26,JATIMULYA,Gadget & Aksesoris,2500000.0
2026-07-26,JATIMULYA,Service,21360000.0
2026-07-26,JATIWARINGIN,Gadget & Aksesoris,1074000.0
2026-07-26,JATIWARINGIN,Service,4200000.0
2026-07-26,KLENDER,Gadget & Aksesoris,1426000.0
2026-07-26,KLENDER,Service,33680000.0
2026-07-26,PEJATEN,Gadget & Aksesoris,501800.0
2026-07-26,PEJATEN,Service,3830000.0
2026-07-26,RADJIMAN,Service,7580000.0
2026-07-26,SAWANGAN,Gadget & Aksesoris,1920000.0
2026-07-26,SAWANGAN,Service,26790000.0
2026-07-26,TELUKJ,Gadget & Aksesoris,750000.0
2026-07-26,TELUKJ,Service,10860000.0
2026-07-26,WARBONG,Gadget & Aksesoris,630000.0
2026-07-26,WARBONG,Service,12460000.0
2026-07-27,BINTARA,Gadget & Aksesoris,600000.0
2026-07-27,BINTARA,Service,11208000.0
2026-07-27,CEGER,Gadget & Aksesoris,470000.0
2026-07-27,CEGER,Service,22750000.0
2026-07-27,CIBINONG,Gadget & Aksesoris,7640000.0
2026-07-27,CIBINONG,Service,2540000.0
2026-07-27,CIKAMPEK,Service,7140000.0
2026-07-27,CILANGKAP,Gadget & Aksesoris,31800000.0
2026-07-27,CILANGKAP,Service,18890000.0
2026-07-27,CINERE,Gadget & Aksesoris,75190000.0
2026-07-27,CINERE,Service,17400000.0
2026-07-27,CONDET,Gadget & Aksesoris,14544000.0
2026-07-27,CONDET,Service,11550000.0
2026-07-27,DRAMAGA,Service,10060000.0
2026-07-27,JATIBENING,Gadget & Aksesoris,510000.0
2026-07-27,JATIBENING,Service,26010000.0
2026-07-27,JATIMULYA,Gadget & Aksesoris,10480000.0
2026-07-27,JATIMULYA,Service,15010000.0
2026-07-27,JATIWARINGIN,Service,10400000.0
2026-07-27,KLENDER,Gadget & Aksesoris,12838000.0
2026-07-27,KLENDER,Service,9360000.0
2026-07-27,PEJATEN,Gadget & Aksesoris,60000.0
2026-07-27,PEJATEN,Service,1060000.0
2026-07-27,RADJIMAN,Gadget & Aksesoris,20800000.0
2026-07-27,RADJIMAN,Service,5700000.0
2026-07-27,SAWANGAN,Gadget & Aksesoris,300000.0
2026-07-27,SAWANGAN,Service,18440000.0
2026-07-27,TELUKJ,Gadget & Aksesoris,6512000.0
2026-07-27,TELUKJ,Service,6540000.0
2026-07-27,WARBONG,Gadget & Aksesoris,24430000.0
2026-07-27,WARBONG,Service,13198000.0
2026-07-28,BINTARA,Gadget & Aksesoris,10610000.0
2026-07-28,BINTARA,Service,17150000.0
2026-07-28,CEGER,Gadget & Aksesoris,20150000.0
2026-07-28,CEGER,Service,14796000.0
2026-07-28,CIBINONG,Gadget & Aksesoris,600000.0
2026-07-28,CIBINONG,Service,14140000.0
2026-07-28,CIKAMPEK,Gadget & Aksesoris,28180000.0
2026-07-28,CIKAMPEK,Service,7120000.0
2026-07-28,CILANGKAP,Gadget & Aksesoris,580000.0
2026-07-28,CILANGKAP,Service,11260000.0
2026-07-28,CINERE,Gadget & Aksesoris,15210000.0
2026-07-28,CINERE,Service,5290000.0
2026-07-28,CONDET,Gadget & Aksesoris,35501030.0
2026-07-28,CONDET,Service,10000000.0
2026-07-28,DRAMAGA,Gadget & Aksesoris,13480000.0
2026-07-28,DRAMAGA,Service,20460000.0
2026-07-28,JATIBENING,Gadget & Aksesoris,140000.0
2026-07-28,JATIBENING,Service,5970000.0
2026-07-28,JATIMULYA,Gadget & Aksesoris,2260000.0
2026-07-28,JATIMULYA,Service,15990000.0
2026-07-28,JATIWARINGIN,Gadget & Aksesoris,68680000.0
2026-07-28,JATIWARINGIN,Service,5060000.0
2026-07-28,KLENDER,Gadget & Aksesoris,2134000.0
2026-07-28,KLENDER,Service,17840000.0
2026-07-28,PEJATEN,Service,8460000.0
2026-07-28,RADJIMAN,Service,10080000.0
2026-07-28,SAWANGAN,Gadget & Aksesoris,10220000.0
2026-07-28,SAWANGAN,Service,18630000.0
2026-07-28,TELUKJ,Gadget & Aksesoris,2676000.0
2026-07-28,TELUKJ,Service,10900000.0
2026-07-28,WARBONG,Gadget & Aksesoris,79250000.0
2026-07-28,WARBONG,Service,3550000.0
2026-07-29,BINTARA,Gadget & Aksesoris,10800000.0
2026-07-29,BINTARA,Service,24320000.0
2026-07-29,CEGER,Gadget & Aksesoris,1380000.0
2026-07-29,CEGER,Service,13750000.0
2026-07-29,CIBINONG,Gadget & Aksesoris,800000.0
2026-07-29,CIBINONG,Service,9100000.0
2026-07-29,CIKAMPEK,Gadget & Aksesoris,1440000.0
2026-07-29,CIKAMPEK,Service,6620000.0
2026-07-29,CILANGKAP,Gadget & Aksesoris,4840000.0
2026-07-29,CILANGKAP,Service,18610000.0
2026-07-29,CINERE,Gadget & Aksesoris,590000.0
2026-07-29,CINERE,Service,16140000.0
2026-07-29,CONDET,Gadget & Aksesoris,8070000.0
2026-07-29,CONDET,Service,14890000.0
2026-07-29,DRAMAGA,Gadget & Aksesoris,1580000.0
2026-07-29,DRAMAGA,Service,21040000.0
2026-07-29,JATIBENING,Gadget & Aksesoris,4292000.0
2026-07-29,JATIBENING,Service,10942000.0
2026-07-29,JATIMULYA,Gadget & Aksesoris,1770000.0
2026-07-29,JATIMULYA,Service,7900000.0
2026-07-29,JATIWARINGIN,Gadget & Aksesoris,1100000.0
2026-07-29,JATIWARINGIN,Service,11920000.0
2026-07-29,KLENDER,Gadget & Aksesoris,4672000.0
2026-07-29,KLENDER,Service,21170000.0
2026-07-29,PEJATEN,Service,10380000.0
2026-07-29,RADJIMAN,Gadget & Aksesoris,61500000.0
2026-07-29,RADJIMAN,Service,4060000.0
2026-07-29,SAWANGAN,Gadget & Aksesoris,8750000.0
2026-07-29,SAWANGAN,Service,19300000.0
2026-07-29,TELUKJ,Gadget & Aksesoris,542000.0
2026-07-29,TELUKJ,Service,8310000.0
2026-07-29,WARBONG,Gadget & Aksesoris,15500000.0
2026-07-29,WARBONG,Service,13770000.0
2026-07-30,BINTARA,Gadget & Aksesoris,1000000.0
2026-07-30,BINTARA,Service,14960000.0
2026-07-30,CEGER,Gadget & Aksesoris,840000.0
2026-07-30,CEGER,Service,27200000.0
2026-07-30,CIBINONG,Service,9000000.0
2026-07-30,CIKAMPEK,Gadget & Aksesoris,680000.0
2026-07-30,CIKAMPEK,Service,11918988.0
2026-07-30,CILANGKAP,Gadget & Aksesoris,2350000.0
2026-07-30,CILANGKAP,Service,18524000.0
2026-07-30,CINERE,Gadget & Aksesoris,1460000.0
2026-07-30,CINERE,Service,12200000.0
2026-07-30,CONDET,Gadget & Aksesoris,14750000.0
2026-07-30,CONDET,Service,28150108.0
2026-07-30,DRAMAGA,Service,9860000.0
2026-07-30,JATIBENING,Gadget & Aksesoris,7100000.0
2026-07-30,JATIBENING,Service,6140000.0
2026-07-30,JATIMULYA,Gadget & Aksesoris,5422000.0
2026-07-30,JATIMULYA,Service,12350000.0
2026-07-30,JATIWARINGIN,Gadget & Aksesoris,1480000.0
2026-07-30,JATIWARINGIN,Service,5250000.0
2026-07-30,KLENDER,Gadget & Aksesoris,2148000.0
2026-07-30,KLENDER,Service,23140000.0
2026-07-30,PEJATEN,Service,680000.0
2026-07-30,RADJIMAN,Gadget & Aksesoris,600000.0
2026-07-30,RADJIMAN,Service,6270000.0
2026-07-30,SAWANGAN,Gadget & Aksesoris,81740000.0
2026-07-30,SAWANGAN,Service,16200000.0
2026-07-30,TELUKJ,Gadget & Aksesoris,1550000.0
2026-07-30,TELUKJ,Service,15100000.0
2026-07-30,WARBONG,Gadget & Aksesoris,3580000.0
2026-07-30,WARBONG,Service,14130000.0
2026-07-31,BINTARA,Gadget & Aksesoris,14750000.0
2026-07-31,BINTARA,Service,23700000.0
2026-07-31,CEGER,Gadget & Aksesoris,430000.0
2026-07-31,CEGER,Service,20800000.0
2026-07-31,CIBINONG,Gadget & Aksesoris,220000.0
2026-07-31,CIBINONG,Service,11404000.0
2026-07-31,CIBUBUR,Gadget & Aksesoris,753000.0
2026-07-31,CIBUBUR,Service,4590000.0
2026-07-31,CIKAMPEK,Gadget & Aksesoris,580000.0
2026-07-31,CIKAMPEK,Service,13600000.0
2026-07-31,CILANGKAP,Gadget & Aksesoris,11760000.0
2026-07-31,CILANGKAP,Service,17960000.0
2026-07-31,CINERE,Gadget & Aksesoris,960000.0
2026-07-31,CINERE,Service,5470000.0
2026-07-31,CONDET,Gadget & Aksesoris,18366000.0
2026-07-31,CONDET,Service,14800000.0
2026-07-31,DRAMAGA,Gadget & Aksesoris,17220000.0
2026-07-31,DRAMAGA,Service,12210000.0
2026-07-31,JATIBENING,Gadget & Aksesoris,12494000.0
2026-07-31,JATIBENING,Service,18358000.0
2026-07-31,JATIMULYA,Gadget & Aksesoris,75300000.0
2026-07-31,JATIMULYA,Service,28100000.0
2026-07-31,JATIWARINGIN,Gadget & Aksesoris,1230000.0
2026-07-31,JATIWARINGIN,Service,5400000.0
2026-07-31,KLENDER,Gadget & Aksesoris,7256000.0
2026-07-31,KLENDER,Service,20170000.0
2026-07-31,PEJATEN,Gadget & Aksesoris,1468000.0
2026-07-31,PEJATEN,Service,1980000.0
2026-07-31,RADJIMAN,Gadget & Aksesoris,34650000.0
2026-07-31,RADJIMAN,Service,8440000.0
2026-07-31,SAWANGAN,Gadget & Aksesoris,79660000.0
2026-07-31,SAWANGAN,Service,13550000.0
2026-07-31,TELUKJ,Gadget & Aksesoris,9084000.0
2026-07-31,TELUKJ,Service,20270000.0
2026-07-31,WARBONG,Gadget & Aksesoris,329704593.94
2026-07-31,WARBONG,Service,17000000.0
2026-08-01,BINTARA,Gadget & Aksesoris,4720000.0
2026-08-01,BINTARA,Service,16160000.0
2026-08-01,CEGER,Gadget & Aksesoris,150000.0
2026-08-01,CEGER,Service,17810000.0
2026-08-01,CIBINONG,Gadget & Aksesoris,12610000.0
2026-08-01,CIBINONG,Service,15730000.0
2026-08-01,CIBUBUR,Gadget & Aksesoris,336000.0
2026-08-01,CIBUBUR,Service,4094000.0
2026-08-01,CIKAMPEK,Gadget & Aksesoris,10950000.0
2026-08-01,CIKAMPEK,Service,20230000.0
2026-08-01,CILANGKAP,Gadget & Aksesoris,780000.0
2026-08-01,CILANGKAP,Service,11600000.0
2026-08-01,CINERE,Gadget & Aksesoris,1590000.0
2026-08-01,CINERE,Service,10420000.0
2026-08-01,CONDET,Gadget & Aksesoris,9260000.0
2026-08-01,CONDET,Service,22220000.0
2026-08-01,DRAMAGA,Gadget & Aksesoris,400000.0
2026-08-01,DRAMAGA,Service,11730000.0
2026-08-01,JATIBENING,Gadget & Aksesoris,6280000.0
2026-08-01,JATIBENING,Service,22700000.0
2026-08-01,JATIMULYA,Gadget & Aksesoris,4890000.0
2026-08-01,JATIMULYA,Service,13380000.0
2026-08-01,JATIWARINGIN,Gadget & Aksesoris,11500000.0
2026-08-01,JATIWARINGIN,Service,20386400.0
2026-08-01,KLENDER,Gadget & Aksesoris,6002000.0
2026-08-01,KLENDER,Service,13580000.0
2026-08-01,PEJATEN,Gadget & Aksesoris,31364000.0
2026-08-01,PEJATEN,Service,2150000.0
2026-08-01,RADJIMAN,Gadget & Aksesoris,150000.0
2026-08-01,RADJIMAN,Service,15240000.0
2026-08-01,SAWANGAN,Gadget & Aksesoris,29100000.0
2026-08-01,SAWANGAN,Service,13420000.0
2026-08-01,TELUKJ,Gadget & Aksesoris,21446000.0
2026-08-01,TELUKJ,Service,15430000.0
2026-08-01,WARBONG,Gadget & Aksesoris,2210000.0
2026-08-01,WARBONG,Service,21560000.0
2026-08-02,BINTARA,Gadget & Aksesoris,25800000.0
2026-08-02,BINTARA,Service,36090000.0
2026-08-02,CEGER,Gadget & Aksesoris,1780000.0
2026-08-02,CEGER,Service,29870000.0
2026-08-02,CIBINONG,Gadget & Aksesoris,23320000.0
2026-08-02,CIBINONG,Service,11510000.0
2026-08-02,CIBUBUR,Gadget & Aksesoris,446000.0
2026-08-02,CIBUBUR,Service,3754000.0
2026-08-02,CIKAMPEK,Gadget & Aksesoris,12140000.0
2026-08-02,CIKAMPEK,Service,14820000.0
2026-08-02,CILANGKAP,Gadget & Aksesoris,2220000.0
2026-08-02,CILANGKAP,Service,21010000.0
2026-08-02,CINERE,Gadget & Aksesoris,1150000.0
2026-08-02,CINERE,Service,19180000.0
2026-08-02,CONDET,Gadget & Aksesoris,34040000.0
2026-08-02,CONDET,Service,17190000.0
2026-08-02,DRAMAGA,Gadget & Aksesoris,7890000.0
2026-08-02,DRAMAGA,Service,11730000.0
2026-08-02,JATIBENING,Gadget & Aksesoris,4970000.0
2026-08-02,JATIBENING,Service,11570000.0
2026-08-02,JATIMULYA,Gadget & Aksesoris,9010000.0
2026-08-02,JATIMULYA,Service,23960000.0
2026-08-02,JATIWARINGIN,Gadget & Aksesoris,40000.0
2026-08-02,JATIWARINGIN,Service,2700000.0
2026-08-02,KLENDER,Gadget & Aksesoris,1650000.0
2026-08-02,KLENDER,Service,12520000.0
2026-08-02,PEJATEN,Gadget & Aksesoris,306000.0
2026-08-02,PEJATEN,Service,8160000.0
2026-08-02,RADJIMAN,Service,8020000.0
2026-08-02,SAWANGAN,Service,13110000.0
2026-08-02,TELUKJ,Gadget & Aksesoris,1806000.0
2026-08-02,TELUKJ,Service,18500000.0
2026-08-02,WARBONG,Gadget & Aksesoris,940000.0
2026-08-02,WARBONG,Service,12590000.0
2026-08-03,BINTARA,Gadget & Aksesoris,55290000.0
2026-08-03,BINTARA,Service,43160000.0
2026-08-03,CEGER,Gadget & Aksesoris,900000.0
2026-08-03,CEGER,Service,14070000.0
2026-08-03,CIBINONG,Gadget & Aksesoris,610000.0
2026-08-03,CIBINONG,Service,18623000.0
2026-08-03,CIBUBUR,Gadget & Aksesoris,339720.0
2026-08-03,CIBUBUR,Service,4650000.0
2026-08-03,CIKAMPEK,Gadget & Aksesoris,2540000.0
2026-08-03,CIKAMPEK,Service,12590000.0
2026-08-03,CILANGKAP,Gadget & Aksesoris,2270000.0
2026-08-03,CILANGKAP,Service,19760000.0
2026-08-03,CINERE,Gadget & Aksesoris,220000.0
2026-08-03,CINERE,Service,15656700.0
2026-08-03,CONDET,Gadget & Aksesoris,13503030.0
2026-08-03,CONDET,Service,11876000.0
2026-08-03,DRAMAGA,Gadget & Aksesoris,580000.0
2026-08-03,DRAMAGA,Service,7110000.0
2026-08-03,JATIBENING,Gadget & Aksesoris,5999000.0
2026-08-03,JATIBENING,Service,34541000.0
2026-08-03,JATIMULYA,Gadget & Aksesoris,1940000.0
2026-08-03,JATIMULYA,Service,25300000.0
2026-08-03,JATIWARINGIN,Gadget & Aksesoris,13460000.0
2026-08-03,JATIWARINGIN,Service,3880000.0
2026-08-03,KLENDER,Gadget & Aksesoris,2440000.0
2026-08-03,KLENDER,Service,17330000.0
2026-08-03,PEJATEN,Service,4230000.0
2026-08-03,RADJIMAN,Gadget & Aksesoris,450000.0
2026-08-03,RADJIMAN,Service,6040000.0
2026-08-03,SAWANGAN,Gadget & Aksesoris,690000.0
2026-08-03,SAWANGAN,Service,11090000.0
2026-08-03,TELUKJ,Gadget & Aksesoris,1508000.0
2026-08-03,TELUKJ,Service,20000000.0
2026-08-03,WARBONG,Gadget & Aksesoris,68970000.0
2026-08-03,WARBONG,Service,12030000.0
2026-08-04,BINTARA,Gadget & Aksesoris,1110000.0
2026-08-04,BINTARA,Service,15800000.0
2026-08-04,CEGER,Gadget & Aksesoris,22340000.0
2026-08-04,CEGER,Service,15080000.0
2026-08-04,CIBINONG,Gadget & Aksesoris,21280000.0
2026-08-04,CIBINONG,Service,12240000.0
2026-08-04,CIBUBUR,Gadget & Aksesoris,410000.0
2026-08-04,CIBUBUR,Service,7080000.0
2026-08-04,CIKAMPEK,Gadget & Aksesoris,1600000.0
2026-08-04,CIKAMPEK,Service,6290000.0
2026-08-04,CILANGKAP,Gadget & Aksesoris,1220000.0
2026-08-04,CILANGKAP,Service,17600000.0
2026-08-04,CINERE,Gadget & Aksesoris,3720000.0
2026-08-04,CINERE,Service,15980000.0
2026-08-04,CONDET,Gadget & Aksesoris,3937000.0
2026-08-04,CONDET,Service,27870000.0
2026-08-04,DRAMAGA,Gadget & Aksesoris,540000.0
2026-08-04,DRAMAGA,Service,8910000.0
2026-08-04,JATIBENING,Gadget & Aksesoris,6480000.0
2026-08-04,JATIBENING,Service,13960000.0
2026-08-04,JATIMULYA,Gadget & Aksesoris,17340000.0
2026-08-04,JATIMULYA,Service,14670000.0
2026-08-04,JATIWARINGIN,Gadget & Aksesoris,100000.0
2026-08-04,JATIWARINGIN,Service,9892000.0
2026-08-04,KLENDER,Gadget & Aksesoris,14078220.0
2026-08-04,KLENDER,Service,32330000.0
2026-08-04,PEJATEN,Gadget & Aksesoris,53676000.0
2026-08-04,PEJATEN,Service,3300000.0
2026-08-04,RADJIMAN,Service,1800000.0
2026-08-04,SAWANGAN,Gadget & Aksesoris,6000000.0
2026-08-04,SAWANGAN,Service,11740000.0
2026-08-04,TELUKJ,Gadget & Aksesoris,2084000.0
2026-08-04,TELUKJ,Service,7350000.0
2026-08-04,WARBONG,Gadget & Aksesoris,39956000.0
2026-08-04,WARBONG,Service,8400000.0
2026-08-05,BINTARA,Service,21670000.0
2026-08-05,CEGER,Gadget & Aksesoris,500000.0
2026-08-05,CEGER,Service,24780000.0
2026-08-05,CIBINONG,Gadget & Aksesoris,460000.0
2026-08-05,CIBINONG,Service,9870000.0
2026-08-05,CIBUBUR,Service,5340000.0
2026-08-05,CIKAMPEK,Gadget & Aksesoris,13420000.0
2026-08-05,CIKAMPEK,Service,19270000.0
2026-08-05,CILANGKAP,Gadget & Aksesoris,860000.0
2026-08-05,CILANGKAP,Service,9770000.0
2026-08-05,CINERE,Gadget & Aksesoris,70000.0
2026-08-05,CINERE,Service,7050000.0
2026-08-05,CONDET,Gadget & Aksesoris,1200000.0
2026-08-05,CONDET,Service,21458000.0
2026-08-05,DRAMAGA,Gadget & Aksesoris,22540000.0
2026-08-05,DRAMAGA,Service,5600000.0
2026-08-05,JATIBENING,Gadget & Aksesoris,16090000.0
2026-08-05,JATIBENING,Service,22555000.0
2026-08-05,JATIMULYA,Gadget & Aksesoris,8100000.0
2026-08-05,JATIMULYA,Service,20260000.0
2026-08-05,JATIWARINGIN,Gadget & Aksesoris,600000.0
2026-08-05,JATIWARINGIN,Service,8860000.0
2026-08-05,KLENDER,Gadget & Aksesoris,840000.0
2026-08-05,KLENDER,Service,24690000.0
2026-08-05,PEJATEN,Service,3600000.0
2026-08-05,RADJIMAN,Gadget & Aksesoris,280000.0
2026-08-05,RADJIMAN,Service,8460000.0
2026-08-05,SAWANGAN,Gadget & Aksesoris,9780000.0
2026-08-05,SAWANGAN,Service,21349200.0
2026-08-05,TELUKJ,Gadget & Aksesoris,960000.0
2026-08-05,TELUKJ,Service,18185400.0
2026-08-05,WARBONG,Gadget & Aksesoris,240000.0
2026-08-05,WARBONG,Service,8410000.0
2026-08-06,BINTARA,Gadget & Aksesoris,16060000.0
2026-08-06,BINTARA,Service,18890000.0
2026-08-06,CEGER,Gadget & Aksesoris,1790000.0
2026-08-06,CEGER,Service,17734000.0
2026-08-06,CIBINONG,Gadget & Aksesoris,1930000.0
2026-08-06,CIBINONG,Service,7345000.0
2026-08-06,CIBUBUR,Gadget & Aksesoris,644000.0
2026-08-06,CIBUBUR,Service,9070000.0
2026-08-06,CIKAMPEK,Gadget & Aksesoris,330000.0
2026-08-06,CIKAMPEK,Service,8917000.0
2026-08-06,CILANGKAP,Gadget & Aksesoris,9320000.0
2026-08-06,CILANGKAP,Service,29320000.0
2026-08-06,CINERE,Gadget & Aksesoris,323044322.0
2026-08-06,CINERE,Service,12688000.0
2026-08-06,CONDET,Gadget & Aksesoris,680000.0
2026-08-06,CONDET,Service,8240000.0
2026-08-06,DRAMAGA,Gadget & Aksesoris,330000.0
2026-08-06,DRAMAGA,Service,14560000.0
2026-08-06,JATIBENING,Gadget & Aksesoris,770000.0
2026-08-06,JATIBENING,Service,10880000.0
2026-08-06,JATIMULYA,Gadget & Aksesoris,850000.0
2026-08-06,JATIMULYA,Service,13430000.0
2026-08-06,JATIWARINGIN,Gadget & Aksesoris,26550000.0
2026-08-06,JATIWARINGIN,Service,4600000.0
2026-08-06,KLENDER,Gadget & Aksesoris,3372000.0
2026-08-06,KLENDER,Service,23210000.0
2026-08-06,PEJATEN,Gadget & Aksesoris,940000.0
2026-08-06,PEJATEN,Service,4170000.0
2026-08-06,RADJIMAN,Gadget & Aksesoris,237845000.0
2026-08-06,RADJIMAN,Service,10850000.0
2026-08-06,SAWANGAN,Gadget & Aksesoris,10070000.0
2026-08-06,SAWANGAN,Service,11110000.0
2026-08-06,TELUKJ,Gadget & Aksesoris,2540000.0
2026-08-06,TELUKJ,Service,13770000.0
2026-08-06,WARBONG,Gadget & Aksesoris,1620000.0
2026-08-06,WARBONG,Service,8220000.0
2026-08-07,BINTARA,Gadget & Aksesoris,17960000.0
2026-08-07,BINTARA,Service,24476000.0
2026-08-07,CEGER,Gadget & Aksesoris,9900000.0
2026-08-07,CEGER,Service,16500000.0
2026-08-07,CIBINONG,Gadget & Aksesoris,550000.0
2026-08-07,CIBINONG,Service,7040000.0
2026-08-07,CIBUBUR,Service,9220000.0
2026-08-07,CIKAMPEK,Gadget & Aksesoris,350000.0
2026-08-07,CIKAMPEK,Service,9400000.0
2026-08-07,CILANGKAP,Gadget & Aksesoris,8500000.0
2026-08-07,CILANGKAP,Service,15990000.0
2026-08-07,CINERE,Gadget & Aksesoris,5140000.0
2026-08-07,CINERE,Service,7214000.0
2026-08-07,CONDET,Gadget & Aksesoris,1250000.0
2026-08-07,CONDET,Service,18390000.0
2026-08-07,DRAMAGA,Gadget & Aksesoris,211710000.0
2026-08-07,DRAMAGA,Service,4768000.0
2026-08-07,JATIBENING,Gadget & Aksesoris,1090000.0
2026-08-07,JATIBENING,Service,13440000.0
2026-08-07,JATIMULYA,Gadget & Aksesoris,1570000.0
2026-08-07,JATIMULYA,Service,32120000.0
2026-08-07,JATIWARINGIN,Service,3800000.0
2026-08-07,KLENDER,Gadget & Aksesoris,8822000.0
2026-08-07,KLENDER,Service,12580000.0
2026-08-07,PEJATEN,Gadget & Aksesoris,80000.0
2026-08-07,PEJATEN,Service,4700000.0
2026-08-07,RADJIMAN,Gadget & Aksesoris,450000.0
2026-08-07,RADJIMAN,Service,19400000.0
2026-08-07,SAWANGAN,Gadget & Aksesoris,56300000.0
2026-08-07,SAWANGAN,Service,13710000.0
2026-08-07,TELUKJ,Gadget & Aksesoris,6768000.0
2026-08-07,TELUKJ,Service,15640000.0
2026-08-07,WARBONG,Gadget & Aksesoris,520000.0
2026-08-07,WARBONG,Service,12650000.0
2026-08-08,BINTARA,Gadget & Aksesoris,93310000.0
2026-08-08,BINTARA,Service,17960000.0
2026-08-08,CEGER,Gadget & Aksesoris,21400000.0
2026-08-08,CEGER,Service,17200000.0
2026-08-08,CIBINONG,Gadget & Aksesoris,10740000.0
2026-08-08,CIBINONG,Service,10830000.0
2026-08-08,CIBUBUR,Gadget & Aksesoris,696000.0
2026-08-08,CIBUBUR,Service,10150000.0
2026-08-08,CIKAMPEK,Gadget & Aksesoris,994000.0
2026-08-08,CIKAMPEK,Service,10950000.0
2026-08-08,CILANGKAP,Gadget & Aksesoris,10580000.0
2026-08-08,CILANGKAP,Service,12000000.0
2026-08-08,CINERE,Gadget & Aksesoris,420000.0
2026-08-08,CINERE,Service,8720000.0
2026-08-08,CONDET,Gadget & Aksesoris,15740000.0
2026-08-08,CONDET,Service,17380000.0
2026-08-08,DRAMAGA,Gadget & Aksesoris,450000.0
2026-08-08,DRAMAGA,Service,21300000.0
2026-08-08,JATIBENING,Gadget & Aksesoris,840000.0
2026-08-08,JATIBENING,Service,15400000.0
2026-08-08,JATIMULYA,Gadget & Aksesoris,2548000.0
2026-08-08,JATIMULYA,Service,22260000.0
2026-08-08,JATIWARINGIN,Gadget & Aksesoris,220000.0
2026-08-08,JATIWARINGIN,Service,8280000.0
2026-08-08,KLENDER,Gadget & Aksesoris,10788000.0
2026-08-08,KLENDER,Service,21490000.0
2026-08-08,PEJATEN,Service,2200000.0
2026-08-08,RADJIMAN,Gadget & Aksesoris,150000.0
2026-08-08,RADJIMAN,Service,4770000.0
2026-08-08,SAWANGAN,Gadget & Aksesoris,920000.0
2026-08-08,SAWANGAN,Service,24820000.0
2026-08-08,TELUKJ,Gadget & Aksesoris,7820000.0
2026-08-08,TELUKJ,Service,22340000.0
2026-08-08,WARBONG,Gadget & Aksesoris,8570000.0
2026-08-08,WARBONG,Service,12060000.0
2026-08-09,BINTARA,Gadget & Aksesoris,33900000.0
2026-08-09,BINTARA,Service,20060000.0
2026-08-09,CEGER,Gadget & Aksesoris,870000.0
2026-08-09,CEGER,Service,10660000.0
2026-08-09,CIBINONG,Gadget & Aksesoris,1270000.0
2026-08-09,CIBINONG,Service,12510000.0
2026-08-09,CIBUBUR,Gadget & Aksesoris,302000.0
2026-08-09,CIBUBUR,Service,2960000.0
2026-08-09,CIKAMPEK,Gadget & Aksesoris,1830000.0
2026-08-09,CIKAMPEK,Service,9400000.0
2026-08-09,CILANGKAP,Gadget & Aksesoris,29920000.0
2026-08-09,CILANGKAP,Service,20780000.0
2026-08-09,CINERE,Gadget & Aksesoris,1810000.0
2026-08-09,CINERE,Service,12080000.0
2026-08-09,CONDET,Gadget & Aksesoris,1130000.0
2026-08-09,CONDET,Service,5940000.0
2026-08-09,DRAMAGA,Gadget & Aksesoris,120000.0
2026-08-09,DRAMAGA,Service,14926000.0
2026-08-09,JATIBENING,Gadget & Aksesoris,2240000.0
2026-08-09,JATIBENING,Service,13300000.0
2026-08-09,JATIMULYA,Gadget & Aksesoris,21970000.0
2026-08-09,JATIMULYA,Service,11310000.0
2026-08-09,JATIWARINGIN,Gadget & Aksesoris,360360.0
2026-08-09,JATIWARINGIN,Service,4630000.0
2026-08-09,KLENDER,Gadget & Aksesoris,20216000.0
2026-08-09,KLENDER,Service,13940000.0
2026-08-09,PEJATEN,Gadget & Aksesoris,422000.0
2026-08-09,PEJATEN,Service,4660000.0
2026-08-09,RADJIMAN,Service,10820000.0
2026-08-09,SAWANGAN,Gadget & Aksesoris,1940000.0
2026-08-09,SAWANGAN,Service,16260000.0
2026-08-09,TELUKJ,Gadget & Aksesoris,1980000.0
2026-08-09,TELUKJ,Service,23270000.0
2026-08-09,WARBONG,Gadget & Aksesoris,24620000.0
2026-08-09,WARBONG,Service,12250000.0
2026-08-10,BINTARA,Gadget & Aksesoris,1280000.0
2026-08-10,BINTARA,Service,28780000.0
2026-08-10,CEGER,Gadget & Aksesoris,200000.0
2026-08-10,CEGER,Service,30300000.0
2026-08-10,CIBINONG,Gadget & Aksesoris,260000.0
2026-08-10,CIBINONG,Service,16460000.0
2026-08-10,CIBUBUR,Gadget & Aksesoris,9130000.0
2026-08-10,CIBUBUR,Service,7250000.0
2026-08-10,CIKAMPEK,Gadget & Aksesoris,12890000.0
2026-08-10,CIKAMPEK,Service,22970000.0
2026-08-10,CILANGKAP,Gadget & Aksesoris,1100000.0
2026-08-10,CILANGKAP,Service,14140000.0
2026-08-10,CINERE,Gadget & Aksesoris,5120000.0
2026-08-10,CINERE,Service,19230000.0
2026-08-10,CONDET,Gadget & Aksesoris,11670000.0
2026-08-10,CONDET,Service,16430000.0
2026-08-10,DRAMAGA,Service,16700000.0
2026-08-10,JATIBENING,Gadget & Aksesoris,1100000.0
2026-08-10,JATIBENING,Service,19430000.0
2026-08-10,JATIMULYA,Gadget & Aksesoris,1100000.0
2026-08-10,JATIMULYA,Service,14642000.0
2026-08-10,JATIWARINGIN,Gadget & Aksesoris,4400000.0
2026-08-10,JATIWARINGIN,Service,7480000.0
2026-08-10,KLENDER,Gadget & Aksesoris,5168000.0
2026-08-10,KLENDER,Service,19630000.0
2026-08-10,PEJATEN,Gadget & Aksesoris,180000.0
2026-08-10,PEJATEN,Service,2170000.0
2026-08-10,RADJIMAN,Gadget & Aksesoris,150000.0
2026-08-10,RADJIMAN,Service,5860000.0
2026-08-10,SAWANGAN,Gadget & Aksesoris,16050000.0
2026-08-10,SAWANGAN,Service,9460000.0
2026-08-10,TELUKJ,Gadget & Aksesoris,1870000.0
2026-08-10,TELUKJ,Service,11510000.0
2026-08-10,WARBONG,Gadget & Aksesoris,540000.0
2026-08-10,WARBONG,Service,10115000.0
2026-08-11,BINTARA,Gadget & Aksesoris,28570000.0
2026-08-11,BINTARA,Service,15910000.0
2026-08-11,CEGER,Gadget & Aksesoris,10950000.0
2026-08-11,CEGER,Service,19270000.0
2026-08-11,CIBINONG,Gadget & Aksesoris,480000.0
2026-08-11,CIBINONG,Service,11950000.0
2026-08-11,CIBUBUR,Gadget & Aksesoris,111000.0
2026-08-11,CIBUBUR,Service,10540000.0
2026-08-11,CIKAMPEK,Gadget & Aksesoris,10350000.0
2026-08-11,CIKAMPEK,Service,4780000.0
2026-08-11,CILANGKAP,Gadget & Aksesoris,30980000.0
2026-08-11,CILANGKAP,Service,12600000.0
2026-08-11,CINERE,Gadget & Aksesoris,5860000.0
2026-08-11,CINERE,Service,8660000.0
2026-08-11,CONDET,Gadget & Aksesoris,1634000.0
2026-08-11,CONDET,Service,15180000.0
2026-08-11,DRAMAGA,Gadget & Aksesoris,600000.0
2026-08-11,DRAMAGA,Service,11430000.0
2026-08-11,JATIBENING,Gadget & Aksesoris,1020000.0
2026-08-11,JATIBENING,Service,13500000.0
2026-08-11,JATIMULYA,Gadget & Aksesoris,1100000.0
2026-08-11,JATIMULYA,Service,21506000.0
2026-08-11,JATIWARINGIN,Gadget & Aksesoris,1130000.0
2026-08-11,JATIWARINGIN,Service,4820000.0
2026-08-11,KLENDER,Gadget & Aksesoris,10586000.0
2026-08-11,KLENDER,Service,18580000.0
2026-08-11,PEJATEN,Gadget & Aksesoris,1466000.0
2026-08-11,PEJATEN,Service,6700000.0
2026-08-11,RADJIMAN,Gadget & Aksesoris,70000.0
2026-08-11,RADJIMAN,Service,8240000.0
2026-08-11,SAWANGAN,Gadget & Aksesoris,300000.0
2026-08-11,SAWANGAN,Service,14390000.0
2026-08-11,TELUKJ,Gadget & Aksesoris,7152000.0
2026-08-11,TELUKJ,Service,21810000.0
2026-08-11,WARBONG,Gadget & Aksesoris,3164750.0
2026-08-11,WARBONG,Service,14970000.0
2026-08-12,BINTARA,Gadget & Aksesoris,10420000.0
2026-08-12,BINTARA,Service,25017500.0
2026-08-12,CEGER,Gadget & Aksesoris,15400000.0
2026-08-12,CEGER,Service,19860000.0
2026-08-12,CIBINONG,Gadget & Aksesoris,9650000.0
2026-08-12,CIBINONG,Service,12360000.0
2026-08-12,CIBUBUR,Service,2430000.0
2026-08-12,CIKAMPEK,Gadget & Aksesoris,8880000.0
2026-08-12,CIKAMPEK,Service,11380000.0
2026-08-12,CILANGKAP,Gadget & Aksesoris,1310000.0
2026-08-12,CILANGKAP,Service,23110000.0
2026-08-12,CINERE,Gadget & Aksesoris,1650000.0
2026-08-12,CINERE,Service,10710000.0
2026-08-12,CONDET,Gadget & Aksesoris,30800000.0
2026-08-12,CONDET,Service,15200000.0
2026-08-12,DRAMAGA,Gadget & Aksesoris,300000.0
2026-08-12,DRAMAGA,Service,11910000.0
2026-08-12,JATIBENING,Gadget & Aksesoris,1250000.0
2026-08-12,JATIBENING,Service,9020000.0
2026-08-12,JATIMULYA,Gadget & Aksesoris,4950000.0
2026-08-12,JATIMULYA,Service,13690000.0
2026-08-12,JATIWARINGIN,Gadget & Aksesoris,750000.0
2026-08-12,JATIWARINGIN,Service,5740000.0
2026-08-12,KLENDER,Gadget & Aksesoris,22814000.0
2026-08-12,KLENDER,Service,6196000.0
2026-08-12,PEJATEN,Gadget & Aksesoris,848000.0
2026-08-12,PEJATEN,Service,900000.0
2026-08-12,RADJIMAN,Service,8080000.0
2026-08-12,SAWANGAN,Gadget & Aksesoris,1510000.0
2026-08-12,SAWANGAN,Service,11660000.0
2026-08-12,TELUKJ,Gadget & Aksesoris,1812000.0
2026-08-12,TELUKJ,Service,12550000.0
2026-08-12,WARBONG,Gadget & Aksesoris,640000.0
2026-08-12,WARBONG,Service,17124000.0
2026-08-13,BINTARA,Gadget & Aksesoris,25020000.0
2026-08-13,BINTARA,Service,17550000.0
2026-08-13,CEGER,Gadget & Aksesoris,400000.0
2026-08-13,CEGER,Service,19340000.0
2026-08-13,CIBINONG,Gadget & Aksesoris,1080000.0
2026-08-13,CIBINONG,Service,4590000.0
2026-08-13,CIBUBUR,Service,3810000.0
2026-08-13,CIKAMPEK,Gadget & Aksesoris,19360000.0
2026-08-13,CIKAMPEK,Service,6250000.0
2026-08-13,CILANGKAP,Gadget & Aksesoris,560000.0
2026-08-13,CILANGKAP,Service,23810000.0
2026-08-13,CINERE,Gadget & Aksesoris,890000.0
2026-08-13,CINERE,Service,24370000.0
2026-08-13,CONDET,Gadget & Aksesoris,530000.0
2026-08-13,CONDET,Service,23156000.0
2026-08-13,DRAMAGA,Gadget & Aksesoris,100000.0
2026-08-13,DRAMAGA,Service,16440000.0
2026-08-13,JATIBENING,Gadget & Aksesoris,6584000.0
2026-08-13,JATIBENING,Service,12000000.0
2026-08-13,JATIMULYA,Gadget & Aksesoris,2250000.0
2026-08-13,JATIMULYA,Service,10540000.0
2026-08-13,JATIWARINGIN,Gadget & Aksesoris,32117100.0
2026-08-13,JATIWARINGIN,Service,3982000.0
2026-08-13,KLENDER,Gadget & Aksesoris,12324000.0
2026-08-13,KLENDER,Service,24460000.0
2026-08-13,PEJATEN,Gadget & Aksesoris,15140000.0
2026-08-13,PEJATEN,Service,2330000.0
2026-08-13,RADJIMAN,Gadget & Aksesoris,3820000.0
2026-08-13,RADJIMAN,Service,8145000.0
2026-08-13,SAWANGAN,Gadget & Aksesoris,690000.0
2026-08-13,SAWANGAN,Service,15880000.0
2026-08-13,TELUKJ,Gadget & Aksesoris,7700000.0
2026-08-13,TELUKJ,Service,20850000.0
2026-08-13,WARBONG,Gadget & Aksesoris,6600000.0
2026-08-13,WARBONG,Service,8630000.0
2026-08-14,BINTARA,Gadget & Aksesoris,600000.0
2026-08-14,BINTARA,Service,21050000.0
2026-08-14,CEGER,Gadget & Aksesoris,44260000.0
2026-08-14,CEGER,Service,24800000.0
2026-08-14,CIBINONG,Gadget & Aksesoris,204000.0
2026-08-14,CIBINONG,Service,14240000.0
2026-08-14,CIBUBUR,Gadget & Aksesoris,484000.0
2026-08-14,CIBUBUR,Service,15100000.0
2026-08-14,CIKAMPEK,Gadget & Aksesoris,2250000.0
2026-08-14,CIKAMPEK,Service,12040000.0
2026-08-14,CILANGKAP,Gadget & Aksesoris,9880000.0
2026-08-14,CILANGKAP,Service,11670000.0
2026-08-14,CINERE,Gadget & Aksesoris,4740000.0
2026-08-14,CINERE,Service,12170000.0
2026-08-14,CONDET,Gadget & Aksesoris,53100000.0
2026-08-14,CONDET,Service,11240000.0
2026-08-14,DRAMAGA,Gadget & Aksesoris,1290000.0
2026-08-14,DRAMAGA,Service,10520000.0
2026-08-14,JATIBENING,Gadget & Aksesoris,960000.0
2026-08-14,JATIBENING,Service,11584000.0
2026-08-14,JATIMULYA,Gadget & Aksesoris,270000.0
2026-08-14,JATIMULYA,Service,16950000.0
2026-08-14,JATIWARINGIN,Gadget & Aksesoris,494000.0
2026-08-14,JATIWARINGIN,Service,15260000.0
2026-08-14,KLENDER,Gadget & Aksesoris,26104000.0
2026-08-14,KLENDER,Service,19000000.0
2026-08-14,PEJATEN,Gadget & Aksesoris,456000.0
2026-08-14,PEJATEN,Service,3400000.0
2026-08-14,RADJIMAN,Service,5980000.0
2026-08-14,SAWANGAN,Gadget & Aksesoris,10460000.0
2026-08-14,SAWANGAN,Service,10470000.0
2026-08-14,TELUKJ,Gadget & Aksesoris,34660000.0
2026-08-14,TELUKJ,Service,16010000.0
2026-08-14,WARBONG,Gadget & Aksesoris,5740000.0
2026-08-14,WARBONG,Service,16200000.0
2026-08-15,BINTARA,Gadget & Aksesoris,17600000.0
2026-08-15,BINTARA,Service,22620000.0
2026-08-15,CEGER,Gadget & Aksesoris,1050000.0
2026-08-15,CEGER,Service,16440600.0
2026-08-15,CIBINONG,Gadget & Aksesoris,2170000.0
2026-08-15,CIBINONG,Service,21069400.0
2026-08-15,CIBUBUR,Gadget & Aksesoris,4295000.0
2026-08-15,CIBUBUR,Service,890000.0
2026-08-15,CIKAMPEK,Gadget & Aksesoris,23420000.0
2026-08-15,CIKAMPEK,Service,9480000.0
2026-08-15,CILANGKAP,Gadget & Aksesoris,1000000.0
2026-08-15,CILANGKAP,Service,18990000.0
2026-08-15,CINERE,Gadget & Aksesoris,600000.0
2026-08-15,CINERE,Service,15920000.0
2026-08-15,CONDET,Gadget & Aksesoris,12450000.0
2026-08-15,CONDET,Service,18730000.0
2026-08-15,DRAMAGA,Gadget & Aksesoris,34370000.0
2026-08-15,DRAMAGA,Service,9270000.0
2026-08-15,JATIBENING,Gadget & Aksesoris,1364000.0
2026-08-15,JATIBENING,Service,14240000.0
2026-08-15,JATIMULYA,Gadget & Aksesoris,1710000.0
2026-08-15,JATIMULYA,Service,10560000.0
2026-08-15,JATIWARINGIN,Gadget & Aksesoris,310000.0
2026-08-15,JATIWARINGIN,Service,9930000.0
2026-08-15,KLENDER,Gadget & Aksesoris,1256000.0
2026-08-15,KLENDER,Service,13220000.0
2026-08-15,PEJATEN,Service,800000.0
2026-08-15,RADJIMAN,Gadget & Aksesoris,100000.0
2026-08-15,RADJIMAN,Service,13955000.0
2026-08-15,SAWANGAN,Gadget & Aksesoris,140000.0
2026-08-15,SAWANGAN,Service,25440000.0
2026-08-15,TELUKJ,Gadget & Aksesoris,1390000.0
2026-08-15,TELUKJ,Service,4760000.0
2026-08-15,WARBONG,Gadget & Aksesoris,1150000.0
2026-08-15,WARBONG,Service,10850000.0
2026-08-16,BINTARA,Gadget & Aksesoris,13770000.0
2026-08-16,BINTARA,Service,18840000.0
2026-08-16,CEGER,Gadget & Aksesoris,1260000.0
2026-08-16,CEGER,Service,16300000.0
2026-08-16,CIBINONG,Gadget & Aksesoris,1300000.0
2026-08-16,CIBINONG,Service,11700000.0
2026-08-16,CIBUBUR,Service,5520000.0
2026-08-16,CIKAMPEK,Gadget & Aksesoris,1190000.0
2026-08-16,CIKAMPEK,Service,8040000.0
2026-08-16,CILANGKAP,Gadget & Aksesoris,13600000.0
2026-08-16,CILANGKAP,Service,32040000.0
2026-08-16,CINERE,Gadget & Aksesoris,40000.0
2026-08-16,CINERE,Service,18250000.0
2026-08-16,CONDET,Gadget & Aksesoris,35550000.0
2026-08-16,CONDET,Service,8250000.0
2026-08-16,DRAMAGA,Gadget & Aksesoris,480000.0
2026-08-16,DRAMAGA,Service,12440000.0
2026-08-16,JATIBENING,Gadget & Aksesoris,630000.0
2026-08-16,JATIBENING,Service,5732000.0
2026-08-16,JATIMULYA,Gadget & Aksesoris,500000.0
2026-08-16,JATIMULYA,Service,6190000.0
2026-08-16,JATIWARINGIN,Gadget & Aksesoris,4940000.0
2026-08-16,JATIWARINGIN,Service,11180000.0
2026-08-16,KLENDER,Gadget & Aksesoris,23400000.0
2026-08-16,KLENDER,Service,9500000.0
2026-08-16,PEJATEN,Gadget & Aksesoris,328000.0
2026-08-16,PEJATEN,Service,1200000.0
2026-08-16,RADJIMAN,Gadget & Aksesoris,50000.0
2026-08-16,RADJIMAN,Service,7940000.0
2026-08-16,SAWANGAN,Gadget & Aksesoris,530000.0
2026-08-16,SAWANGAN,Service,25228000.0
2026-08-16,TELUKJ,Gadget & Aksesoris,950000.0
2026-08-16,TELUKJ,Service,15120000.0
2026-08-16,WARBONG,Gadget & Aksesoris,850000.0
2026-08-16,WARBONG,Service,13680000.0
2026-08-17,BINTARA,Gadget & Aksesoris,700000.0
2026-08-17,BINTARA,Service,20140310.0
2026-08-17,CEGER,Gadget & Aksesoris,9410000.0
2026-08-17,CEGER,Service,7400000.0
2026-08-17,CIBINONG,Gadget & Aksesoris,440000.0
2026-08-17,CIBINONG,Service,17088800.0
2026-08-17,CIBUBUR,Gadget & Aksesoris,1376000.0
2026-08-17,CIBUBUR,Service,6180000.0
2026-08-17,CIKAMPEK,Gadget & Aksesoris,1810000.0
2026-08-17,CIKAMPEK,Service,14828000.0
2026-08-17,CILANGKAP,Gadget & Aksesoris,340000.0
2026-08-17,CILANGKAP,Service,14200000.0
2026-08-17,CINERE,Gadget & Aksesoris,400000.0
2026-08-17,CINERE,Service,5922400.0
2026-08-17,CONDET,Gadget & Aksesoris,16240000.0
2026-08-17,CONDET,Service,15970000.0
2026-08-17,DRAMAGA,Gadget & Aksesoris,1010000.0
2026-08-17,DRAMAGA,Service,16675000.0
2026-08-17,JATIBENING,Gadget & Aksesoris,6450000.0
2026-08-17,JATIBENING,Service,14230000.0
2026-08-17,JATIMULYA,Gadget & Aksesoris,1730000.0
2026-08-17,JATIMULYA,Service,18837000.0
2026-08-17,JATIWARINGIN,Service,4160000.0
2026-08-17,KLENDER,Gadget & Aksesoris,6395000.0
2026-08-17,KLENDER,Service,20150000.0
2026-08-17,PEJATEN,Service,1480000.0
2026-08-17,RADJIMAN,Service,7000000.0
2026-08-17,SAWANGAN,Gadget & Aksesoris,140000.0
2026-08-17,SAWANGAN,Service,9670000.0
2026-08-17,TELUKJ,Gadget & Aksesoris,1060000.0
2026-08-17,TELUKJ,Service,12552000.0
2026-08-17,WARBONG,Gadget & Aksesoris,370000.0
2026-08-17,WARBONG,Service,3760000.0
2026-08-18,BINTARA,Gadget & Aksesoris,18760000.0
2026-08-18,BINTARA,Service,19020000.0
2026-08-18,CEGER,Gadget & Aksesoris,50000.0
2026-08-18,CEGER,Service,11300000.0
2026-08-18,CIBINONG,Gadget & Aksesoris,460000.0
2026-08-18,CIBINONG,Service,13550000.0
2026-08-18,CIBUBUR,Service,1840000.0
2026-08-18,CIKAMPEK,Gadget & Aksesoris,15120000.0
2026-08-18,CIKAMPEK,Service,12440000.0
2026-08-18,CILANGKAP,Gadget & Aksesoris,15660000.0
2026-08-18,CILANGKAP,Service,12430000.0
2026-08-18,CINERE,Gadget & Aksesoris,4500000.0
2026-08-18,CINERE,Service,7080000.0
2026-08-18,CONDET,Gadget & Aksesoris,7142000.0
2026-08-18,CONDET,Service,22080000.0
2026-08-18,DRAMAGA,Gadget & Aksesoris,260000.0
2026-08-18,DRAMAGA,Service,12850000.0
2026-08-18,JATIBENING,Gadget & Aksesoris,440000.0
2026-08-18,JATIBENING,Service,15740000.0
2026-08-18,JATIMULYA,Gadget & Aksesoris,1790000.0
2026-08-18,JATIMULYA,Service,13590000.0
2026-08-18,JATIWARINGIN,Service,9870000.0
2026-08-18,KLENDER,Gadget & Aksesoris,1460000.0
2026-08-18,KLENDER,Service,15390000.0
2026-08-18,PEJATEN,Service,5410000.0
2026-08-18,RADJIMAN,Gadget & Aksesoris,300000.0
2026-08-18,RADJIMAN,Service,6010000.0
2026-08-18,SAWANGAN,Gadget & Aksesoris,23540000.0
2026-08-18,SAWANGAN,Service,13450000.0
2026-08-18,TELUKJ,Gadget & Aksesoris,2506000.0
2026-08-18,TELUKJ,Service,10670000.0
2026-08-18,WARBONG,Gadget & Aksesoris,50456000.0
2026-08-18,WARBONG,Service,11000000.0
2026-08-19,BINTARA,Gadget & Aksesoris,28870000.0
2026-08-19,BINTARA,Service,14945000.0
2026-08-19,CEGER,Gadget & Aksesoris,15070000.0
2026-08-19,CEGER,Service,20905000.0
2026-08-19,CIBINONG,Service,14880000.0
2026-08-19,CIBUBUR,Service,6576000.0
2026-08-19,CIKAMPEK,Gadget & Aksesoris,220000.0
2026-08-19,CIKAMPEK,Service,5560000.0
2026-08-19,CILANGKAP,Gadget & Aksesoris,590000.0
2026-08-19,CILANGKAP,Service,14120000.0
2026-08-19,CINERE,Gadget & Aksesoris,9840000.0
2026-08-19,CINERE,Service,21400000.0
2026-08-19,CONDET,Gadget & Aksesoris,1670000.0
2026-08-19,CONDET,Service,15719000.0
2026-08-19,DRAMAGA,Service,4920000.0
2026-08-19,JATIBENING,Gadget & Aksesoris,4730000.0
2026-08-19,JATIBENING,Service,16590000.0
2026-08-19,JATIMULYA,Gadget & Aksesoris,14520000.0
2026-08-19,JATIMULYA,Service,12100000.0
2026-08-19,JATIWARINGIN,Gadget & Aksesoris,540000.0
2026-08-19,JATIWARINGIN,Service,2360000.0
2026-08-19,KLENDER,Gadget & Aksesoris,2130000.0
2026-08-19,KLENDER,Service,16127000.0
2026-08-19,PEJATEN,Gadget & Aksesoris,400000.0
2026-08-19,PEJATEN,Service,5580000.0
2026-08-19,RADJIMAN,Gadget & Aksesoris,400000.0
2026-08-19,RADJIMAN,Service,13175000.0
2026-08-19,SAWANGAN,Gadget & Aksesoris,1790000.0
2026-08-19,SAWANGAN,Service,16664000.0
2026-08-19,TELUKJ,Gadget & Aksesoris,2260000.0
2026-08-19,TELUKJ,Service,13050000.0
2026-08-19,WARBONG,Gadget & Aksesoris,4108400.0
2026-08-19,WARBONG,Service,19650000.0
2026-08-20,BINTARA,Gadget & Aksesoris,850000.0
2026-08-20,BINTARA,Service,13730000.0
2026-08-20,CEGER,Service,23430000.0
2026-08-20,CIBINONG,Service,13060000.0
2026-08-20,CIBUBUR,Service,4740000.0
2026-08-20,CIKAMPEK,Gadget & Aksesoris,880000.0
2026-08-20,CIKAMPEK,Service,8170000.0
2026-08-20,CILANGKAP,Gadget & Aksesoris,150000.0
2026-08-20,CILANGKAP,Service,20140000.0
2026-08-20,CINERE,Gadget & Aksesoris,500000.0
2026-08-20,CINERE,Service,8250000.0
2026-08-20,CONDET,Gadget & Aksesoris,5450000.0
2026-08-20,CONDET,Service,12300000.0
2026-08-20,DRAMAGA,Service,12860000.0
2026-08-20,JATIBENING,Gadget & Aksesoris,31190000.0
2026-08-20,JATIBENING,Service,14350000.0
2026-08-20,JATIMULYA,Gadget & Aksesoris,1950000.0
2026-08-20,JATIMULYA,Service,15880000.0
2026-08-20,JATIWARINGIN,Gadget & Aksesoris,1030000.0
2026-08-20,JATIWARINGIN,Service,4420000.0
2026-08-20,KLENDER,Gadget & Aksesoris,11644000.0
2026-08-20,KLENDER,Service,17144000.0
2026-08-20,PEJATEN,Gadget & Aksesoris,160000.0
2026-08-20,PEJATEN,Service,500000.0
2026-08-20,RADJIMAN,Service,5496000.0
2026-08-20,SAWANGAN,Gadget & Aksesoris,880000.0
2026-08-20,SAWANGAN,Service,8580000.0
2026-08-20,TELUKJ,Gadget & Aksesoris,892000.0
2026-08-20,TELUKJ,Service,10200000.0
2026-08-20,WARBONG,Gadget & Aksesoris,11846000.0
2026-08-20,WARBONG,Service,6000000.0
2026-08-21,BINTARA,Gadget & Aksesoris,400000.0
2026-08-21,BINTARA,Service,14490000.0
2026-08-21,CEGER,Gadget & Aksesoris,7600000.0
2026-08-21,CEGER,Service,15500000.0
2026-08-21,CIBINONG,Service,7740000.0
2026-08-21,CIBUBUR,Gadget & Aksesoris,702000.0
2026-08-21,CIBUBUR,Service,5510000.0
2026-08-21,CIKAMPEK,Gadget & Aksesoris,12040000.0
2026-08-21,CIKAMPEK,Service,8310000.0
2026-08-21,CILANGKAP,Gadget & Aksesoris,12940000.0
2026-08-21,CILANGKAP,Service,10590000.0
2026-08-21,CINERE,Gadget & Aksesoris,200000.0
2026-08-21,CINERE,Service,7068550.0
2026-08-21,CONDET,Gadget & Aksesoris,13531594.0
2026-08-21,CONDET,Service,14040000.0
2026-08-21,DRAMAGA,Gadget & Aksesoris,250000.0
2026-08-21,DRAMAGA,Service,7720000.0
2026-08-21,JATIBENING,Gadget & Aksesoris,1020000.0
2026-08-21,JATIBENING,Service,21590000.0
2026-08-21,JATIMULYA,Gadget & Aksesoris,840000.0
2026-08-21,JATIMULYA,Service,17392400.0
2026-08-21,JATIWARINGIN,Gadget & Aksesoris,44900000.0
2026-08-21,JATIWARINGIN,Service,4810000.0
2026-08-21,KLENDER,Gadget & Aksesoris,22388000.0
2026-08-21,KLENDER,Service,11174500.0
2026-08-21,PEJATEN,Service,1380000.0
2026-08-21,RADJIMAN,Gadget & Aksesoris,650000.0
2026-08-21,RADJIMAN,Service,7410000.0
2026-08-21,SAWANGAN,Gadget & Aksesoris,140000.0
2026-08-21,SAWANGAN,Service,9720000.0
2026-08-21,TELUKJ,Gadget & Aksesoris,1190000.0
2026-08-21,TELUKJ,Service,12052000.0
2026-08-21,WARBONG,Gadget & Aksesoris,930000.0
2026-08-21,WARBONG,Service,8350000.0
2026-08-22,BINTARA,Gadget & Aksesoris,32900000.0
2026-08-22,BINTARA,Service,14800000.0
2026-08-22,CEGER,Gadget & Aksesoris,11460000.0
2026-08-22,CEGER,Service,15500000.0
2026-08-22,CIBINONG,Gadget & Aksesoris,1332000.0
2026-08-22,CIBINONG,Service,9150000.0
2026-08-22,CIBUBUR,Gadget & Aksesoris,122000.0
2026-08-22,CIBUBUR,Service,3630000.0
2026-08-22,CIKAMPEK,Gadget & Aksesoris,10770000.0
2026-08-22,CIKAMPEK,Service,10140000.0
2026-08-22,CILANGKAP,Gadget & Aksesoris,15400000.0
2026-08-22,CILANGKAP,Service,16880000.0
2026-08-22,CINERE,Gadget & Aksesoris,160000.0
2026-08-22,CINERE,Service,16810000.0
2026-08-22,CONDET,Gadget & Aksesoris,1300000.0
2026-08-22,CONDET,Service,13560000.0
2026-08-22,DRAMAGA,Gadget & Aksesoris,490000.0
2026-08-22,DRAMAGA,Service,11250000.0
2026-08-22,JATIBENING,Gadget & Aksesoris,16710000.0
2026-08-22,JATIBENING,Service,9460000.0
2026-08-22,JATIMULYA,Gadget & Aksesoris,1080000.0
2026-08-22,JATIMULYA,Service,15230000.0
2026-08-22,JATIWARINGIN,Gadget & Aksesoris,1200000.0
2026-08-22,JATIWARINGIN,Service,10740000.0
2026-08-22,KLENDER,Gadget & Aksesoris,2338000.0
2026-08-22,KLENDER,Service,25520000.0
2026-08-22,PEJATEN,Gadget & Aksesoris,260000.0
2026-08-22,PEJATEN,Service,1480000.0
2026-08-22,RADJIMAN,Service,8840000.0
2026-08-22,SAWANGAN,Gadget & Aksesoris,200000.0
2026-08-22,SAWANGAN,Service,10410000.0
2026-08-22,TELUKJ,Gadget & Aksesoris,5840000.0
2026-08-22,TELUKJ,Service,12500000.0
2026-08-22,WARBONG,Gadget & Aksesoris,13480000.0
2026-08-22,WARBONG,Service,8970000.0
2026-08-23,BINTARA,Gadget & Aksesoris,400000.0
2026-08-23,BINTARA,Service,25664000.0
2026-08-23,CEGER,Gadget & Aksesoris,11100000.0
2026-08-23,CEGER,Service,10200000.0
2026-08-23,CIBINONG,Gadget & Aksesoris,230000.0
2026-08-23,CIBINONG,Service,13110000.0
2026-08-23,CIBUBUR,Gadget & Aksesoris,980000.0
2026-08-23,CIBUBUR,Service,1590000.0
2026-08-23,CIKAMPEK,Gadget & Aksesoris,850000.0
2026-08-23,CIKAMPEK,Service,8661400.0
2026-08-23,CILANGKAP,Gadget & Aksesoris,8540000.0
2026-08-23,CILANGKAP,Service,12263000.0
2026-08-23,CINERE,Gadget & Aksesoris,1120000.0
2026-08-23,CINERE,Service,9960000.0
2026-08-23,CONDET,Gadget & Aksesoris,1520000.0
2026-08-23,CONDET,Service,23400000.0
2026-08-23,DRAMAGA,Gadget & Aksesoris,90000.0
2026-08-23,DRAMAGA,Service,14270000.0
2026-08-23,JATIBENING,Gadget & Aksesoris,14510000.0
2026-08-23,JATIBENING,Service,12400000.0
2026-08-23,JATIMULYA,Gadget & Aksesoris,500000.0
2026-08-23,JATIMULYA,Service,8340000.0
2026-08-23,JATIWARINGIN,Gadget & Aksesoris,1100000.0
2026-08-23,JATIWARINGIN,Service,9800000.0
2026-08-23,KLENDER,Gadget & Aksesoris,2906000.0
2026-08-23,KLENDER,Service,15260000.0
2026-08-23,PEJATEN,Service,1980000.0
2026-08-23,RADJIMAN,Service,3606000.0
2026-08-23,SAWANGAN,Gadget & Aksesoris,1500000.0
2026-08-23,SAWANGAN,Service,15963000.0
2026-08-23,TELUKJ,Gadget & Aksesoris,2630000.0
2026-08-23,TELUKJ,Service,10250000.0
2026-08-23,WARBONG,Gadget & Aksesoris,12450000.0
2026-08-23,WARBONG,Service,22400000.0
2026-08-24,BINTARA,Gadget & Aksesoris,1490000.0
2026-08-24,BINTARA,Service,16140000.0
2026-08-24,CEGER,Gadget & Aksesoris,190000.0
2026-08-24,CEGER,Service,15851000.0
2026-08-24,CIBINONG,Gadget & Aksesoris,11180000.0
2026-08-24,CIBINONG,Service,11540000.0
2026-08-24,CIBUBUR,Gadget & Aksesoris,144000.0
2026-08-24,CIBUBUR,Service,4650000.0
2026-08-24,CIKAMPEK,Gadget & Aksesoris,750000.0
2026-08-24,CIKAMPEK,Service,13140000.0
2026-08-24,CILANGKAP,Service,9217000.0
2026-08-24,CINERE,Gadget & Aksesoris,600000.0
2026-08-24,CINERE,Service,14660000.0
2026-08-24,CONDET,Gadget & Aksesoris,180000.0
2026-08-24,CONDET,Service,10200000.0
2026-08-24,DRAMAGA,Gadget & Aksesoris,790000.0
2026-08-24,DRAMAGA,Service,14100000.0
2026-08-24,JATIBENING,Gadget & Aksesoris,10072000.0
2026-08-24,JATIBENING,Service,16960000.0
2026-08-24,JATIMULYA,Gadget & Aksesoris,1410000.0
2026-08-24,JATIMULYA,Service,7300000.0
2026-08-24,JATIWARINGIN,Service,8760000.0
2026-08-24,KLENDER,Gadget & Aksesoris,10844000.0
2026-08-24,KLENDER,Service,15900000.0
2026-08-24,PEJATEN,Gadget & Aksesoris,484000.0
2026-08-24,PEJATEN,Service,3550000.0
2026-08-24,RADJIMAN,Service,5755000.0
2026-08-24,SAWANGAN,Gadget & Aksesoris,920000.0
2026-08-24,SAWANGAN,Service,13710000.0
2026-08-24,TELUKJ,Gadget & Aksesoris,1440000.0
2026-08-24,TELUKJ,Service,8920000.0
2026-08-24,WARBONG,Gadget & Aksesoris,60036400.0
2026-08-24,WARBONG,Service,11940000.0
2026-08-25,BINTARA,Gadget & Aksesoris,16440000.0
2026-08-25,BINTARA,Service,27800000.0
2026-08-25,CEGER,Service,15490000.0
2026-08-25,CIBINONG,Gadget & Aksesoris,7510000.0
2026-08-25,CIBINONG,Service,7007000.0
2026-08-25,CIBUBUR,Gadget & Aksesoris,7430000.0
2026-08-25,CIBUBUR,Service,8170000.0
2026-08-25,CIKAMPEK,Gadget & Aksesoris,690000.0
2026-08-25,CIKAMPEK,Service,7470000.0
2026-08-25,CILANGKAP,Gadget & Aksesoris,4140000.0
2026-08-25,CILANGKAP,Service,27510000.0
2026-08-25,CINERE,Gadget & Aksesoris,1560000.0
2026-08-25,CINERE,Service,19860000.0
2026-08-25,CONDET,Gadget & Aksesoris,7870000.0
2026-08-25,CONDET,Service,10210000.0
2026-08-25,DRAMAGA,Gadget & Aksesoris,70000.0
2026-08-25,DRAMAGA,Service,18400000.0
2026-08-25,JATIBENING,Gadget & Aksesoris,1664000.0
2026-08-25,JATIBENING,Service,11610000.0
2026-08-25,JATIMULYA,Gadget & Aksesoris,1320000.0
2026-08-25,JATIMULYA,Service,15150000.0
2026-08-25,JATIWARINGIN,Gadget & Aksesoris,620000.0
2026-08-25,JATIWARINGIN,Service,6430000.0
2026-08-25,KLENDER,Gadget & Aksesoris,31102000.0
2026-08-25,KLENDER,Service,18070000.0
2026-08-25,PEJATEN,Gadget & Aksesoris,60000.0
2026-08-25,PEJATEN,Service,5960000.0
2026-08-25,RADJIMAN,Service,5640000.0
2026-08-25,SAWANGAN,Gadget & Aksesoris,13440000.0
2026-08-25,SAWANGAN,Service,9710000.0
2026-08-25,TELUKJ,Gadget & Aksesoris,2220000.0
2026-08-25,TELUKJ,Service,21910000.0
2026-08-25,WARBONG,Gadget & Aksesoris,13850000.0
2026-08-25,WARBONG,Service,12590000.0
2026-08-26,BINTARA,Gadget & Aksesoris,30800000.0
2026-08-26,BINTARA,Service,20810000.0
2026-08-26,CEGER,Gadget & Aksesoris,52326000.0
2026-08-26,CEGER,Service,24720000.0
2026-08-26,CIBINONG,Service,11140000.0
2026-08-26,CIBUBUR,Gadget & Aksesoris,1786000.0
2026-08-26,CIBUBUR,Service,3630000.0
2026-08-26,CIKAMPEK,Gadget & Aksesoris,11160000.0
2026-08-26,CIKAMPEK,Service,6410000.0
2026-08-26,CILANGKAP,Gadget & Aksesoris,500000.0
2026-08-26,CILANGKAP,Service,8100000.0
2026-08-26,CINERE,Gadget & Aksesoris,540000.0
2026-08-26,CINERE,Service,4000000.0
2026-08-26,CONDET,Gadget & Aksesoris,450000.0
2026-08-26,CONDET,Service,18270000.0
2026-08-26,DRAMAGA,Gadget & Aksesoris,650000.0
2026-08-26,DRAMAGA,Service,15230000.0
2026-08-26,JATIBENING,Gadget & Aksesoris,10940000.0
2026-08-26,JATIBENING,Service,11670000.0
2026-08-26,JATIMULYA,Gadget & Aksesoris,210000.0
2026-08-26,JATIMULYA,Service,11670000.0
2026-08-26,JATIWARINGIN,Service,48828000.0
2026-08-26,KLENDER,Gadget & Aksesoris,1628000.0
2026-08-26,KLENDER,Service,13020000.0
2026-08-26,PEJATEN,Gadget & Aksesoris,40000.0
2026-08-26,PEJATEN,Service,2100000.0
2026-08-26,RADJIMAN,Service,6520000.0
2026-08-26,SAWANGAN,Gadget & Aksesoris,22710000.0
2026-08-26,SAWANGAN,Service,18000000.0
2026-08-26,TELUKJ,Gadget & Aksesoris,2726000.0
2026-08-26,TELUKJ,Service,16930000.0
2026-08-26,WARBONG,Gadget & Aksesoris,24010800.0
2026-08-26,WARBONG,Service,11140000.0
2026-08-27,BINTARA,Gadget & Aksesoris,13440000.0
2026-08-27,BINTARA,Service,15150000.0
2026-08-27,CEGER,Gadget & Aksesoris,27790000.0
2026-08-27,CEGER,Service,18341800.0
2026-08-27,CIBINONG,Gadget & Aksesoris,1140000.0
2026-08-27,CIBINONG,Service,7300000.0
2026-08-27,CIBUBUR,Gadget & Aksesoris,4200000.0
2026-08-27,CIBUBUR,Service,3950000.0
2026-08-27,CIKAMPEK,Gadget & Aksesoris,11510000.0
2026-08-27,CIKAMPEK,Service,7616000.0
2026-08-27,CILANGKAP,Gadget & Aksesoris,690000.0
2026-08-27,CILANGKAP,Service,20110000.0
2026-08-27,CINERE,Gadget & Aksesoris,8520000.0
2026-08-27,CINERE,Service,14500000.0
2026-08-27,CONDET,Gadget & Aksesoris,12690000.0
2026-08-27,CONDET,Service,15940000.0
2026-08-27,DRAMAGA,Gadget & Aksesoris,660000.0
2026-08-27,DRAMAGA,Service,15682000.0
2026-08-27,JATIBENING,Gadget & Aksesoris,45606000.0
2026-08-27,JATIBENING,Service,8420000.0
2026-08-27,JATIMULYA,Gadget & Aksesoris,150000.0
2026-08-27,JATIMULYA,Service,5900000.0
2026-08-27,JATIWARINGIN,Service,780000.0
2026-08-27,KLENDER,Gadget & Aksesoris,9302000.0
2026-08-27,KLENDER,Service,23660498.0
2026-08-27,PEJATEN,Service,1300000.0
2026-08-27,RADJIMAN,Gadget & Aksesoris,3400000.0
2026-08-27,RADJIMAN,Service,10530000.0
2026-08-27,SAWANGAN,Gadget & Aksesoris,930000.0
2026-08-27,SAWANGAN,Service,15150000.0
2026-08-27,TELUKJ,Gadget & Aksesoris,890000.0
2026-08-27,TELUKJ,Service,10830000.0
2026-08-27,WARBONG,Gadget & Aksesoris,560000.0
2026-08-27,WARBONG,Service,18310000.0
2026-08-28,BINTARA,Gadget & Aksesoris,1400000.0
2026-08-28,BINTARA,Service,16820000.0
2026-08-28,CEGER,Gadget & Aksesoris,23836000.0
2026-08-28,CEGER,Service,13150000.0
2026-08-28,CIBINONG,Gadget & Aksesoris,250000.0
2026-08-28,CIBINONG,Service,11200000.0
2026-08-28,CIBUBUR,Service,5400000.0
2026-08-28,CIKAMPEK,Gadget & Aksesoris,410000.0
2026-08-28,CIKAMPEK,Service,8240000.0
2026-08-28,CILANGKAP,Gadget & Aksesoris,15120000.0
2026-08-28,CILANGKAP,Service,12200000.0
2026-08-28,CINERE,Gadget & Aksesoris,40000.0
2026-08-28,CINERE,Service,17640000.0
2026-08-28,CONDET,Gadget & Aksesoris,5760000.0
2026-08-28,CONDET,Service,20512040.0
2026-08-28,DRAMAGA,Gadget & Aksesoris,12990000.0
2026-08-28,DRAMAGA,Service,22041000.0
2026-08-28,JATIBENING,Gadget & Aksesoris,11800000.0
2026-08-28,JATIBENING,Service,3560000.0
2026-08-28,JATIMULYA,Gadget & Aksesoris,12860000.0
2026-08-28,JATIMULYA,Service,15680000.0
2026-08-28,JATIWARINGIN,Gadget & Aksesoris,140000.0
2026-08-28,JATIWARINGIN,Service,7850000.0
2026-08-28,KLENDER,Gadget & Aksesoris,3210000.0
2026-08-28,KLENDER,Service,22722000.0
2026-08-28,PEJATEN,Gadget & Aksesoris,4546000.0
2026-08-28,PEJATEN,Service,3690000.0
2026-08-28,RADJIMAN,Service,4850000.0
2026-08-28,SAWANGAN,Gadget & Aksesoris,1020000.0
2026-08-28,SAWANGAN,Service,10720000.0
2026-08-28,TELUKJ,Gadget & Aksesoris,2340000.0
2026-08-28,TELUKJ,Service,9690000.0
2026-08-28,WARBONG,Gadget & Aksesoris,57600000.0
2026-08-28,WARBONG,Service,6260000.0
2026-08-29,BINTARA,Gadget & Aksesoris,9470000.0
2026-08-29,BINTARA,Service,19240000.0
2026-08-29,CEGER,Gadget & Aksesoris,530000.0
2026-08-29,CEGER,Service,19058000.0
2026-08-29,CIBINONG,Gadget & Aksesoris,1990000.0
2026-08-29,CIBINONG,Service,14310000.0
2026-08-29,CIBUBUR,Gadget & Aksesoris,9490000.0
2026-08-29,CIBUBUR,Service,6650000.0
2026-08-29,CIKAMPEK,Gadget & Aksesoris,860000.0
2026-08-29,CIKAMPEK,Service,15190000.0
2026-08-29,CILANGKAP,Gadget & Aksesoris,13060000.0
2026-08-29,CILANGKAP,Service,14900000.0
2026-08-29,CINERE,Gadget & Aksesoris,200000.0
2026-08-29,CINERE,Service,23370000.0
2026-08-29,CONDET,Gadget & Aksesoris,16090000.0
2026-08-29,CONDET,Service,30550000.0
2026-08-29,DRAMAGA,Gadget & Aksesoris,720000.0
2026-08-29,DRAMAGA,Service,6490000.0
2026-08-29,JATIBENING,Gadget & Aksesoris,18220000.0
2026-08-29,JATIBENING,Service,11950000.0
2026-08-29,JATIMULYA,Gadget & Aksesoris,814000.0
2026-08-29,JATIMULYA,Service,16420000.0
2026-08-29,JATIWARINGIN,Gadget & Aksesoris,350000.0
2026-08-29,JATIWARINGIN,Service,25660000.0
2026-08-29,KLENDER,Gadget & Aksesoris,25198000.0
2026-08-29,KLENDER,Service,19420000.0
2026-08-29,PEJATEN,Gadget & Aksesoris,200000.0
2026-08-29,PEJATEN,Service,2920000.0
2026-08-29,RADJIMAN,Gadget & Aksesoris,450000.0
2026-08-29,RADJIMAN,Service,3420000.0
2026-08-29,SAWANGAN,Gadget & Aksesoris,3550140.0
2026-08-29,SAWANGAN,Service,30530000.0
2026-08-29,TELUKJ,Gadget & Aksesoris,1682000.0
2026-08-29,TELUKJ,Service,15460000.0
2026-08-29,WARBONG,Gadget & Aksesoris,18450000.0
2026-08-29,WARBONG,Service,26980000.0
2026-08-30,BINTARA,Gadget & Aksesoris,9800000.0
2026-08-30,BINTARA,Service,31300000.0
2026-08-30,CEGER,Gadget & Aksesoris,230000.0
2026-08-30,CEGER,Service,19950000.0
2026-08-30,CIBINONG,Gadget & Aksesoris,820000.0
2026-08-30,CIBINONG,Service,17990000.0
2026-08-30,CIBUBUR,Gadget & Aksesoris,250000.0
2026-08-30,CIBUBUR,Service,9220000.0
2026-08-30,CIKAMPEK,Gadget & Aksesoris,12570000.0
2026-08-30,CIKAMPEK,Service,8540000.0
2026-08-30,CILANGKAP,Gadget & Aksesoris,2650000.0
2026-08-30,CILANGKAP,Service,11710000.0
2026-08-30,CINERE,Service,8830000.0
2026-08-30,CONDET,Gadget & Aksesoris,8300000.0
2026-08-30,CONDET,Service,17500000.0
2026-08-30,DRAMAGA,Gadget & Aksesoris,7480000.0
2026-08-30,DRAMAGA,Service,15360000.0
2026-08-30,JATIBENING,Gadget & Aksesoris,1370000.0
2026-08-30,JATIBENING,Service,21950000.0
2026-08-30,JATIMULYA,Gadget & Aksesoris,500000.0
2026-08-30,JATIMULYA,Service,8426000.0
2026-08-30,JATIWARINGIN,Gadget & Aksesoris,13260000.0
2026-08-30,JATIWARINGIN,Service,9350000.0
2026-08-30,KLENDER,Gadget & Aksesoris,11220000.0
2026-08-30,KLENDER,Service,24280000.0
2026-08-30,PEJATEN,Gadget & Aksesoris,620000.0
2026-08-30,PEJATEN,Service,3260000.0
2026-08-30,RADJIMAN,Gadget & Aksesoris,550000.0
2026-08-30,RADJIMAN,Service,6740000.0
2026-08-30,SAWANGAN,Gadget & Aksesoris,18250000.0
2026-08-30,SAWANGAN,Service,24870000.0
2026-08-30,TELUKJ,Gadget & Aksesoris,3250000.0
2026-08-30,TELUKJ,Service,12870000.0
2026-08-30,WARBONG,Gadget & Aksesoris,1150000.0
2026-08-30,WARBONG,Service,10200000.0
2026-08-31,BINTARA,Gadget & Aksesoris,28860000.0
2026-08-31,BINTARA,Service,25950000.0
2026-08-31,CEGER,Gadget & Aksesoris,7610000.0
2026-08-31,CEGER,Service,18550000.0
2026-08-31,CIBINONG,Service,18900000.0
2026-08-31,CIBUBUR,Gadget & Aksesoris,74100000.0
2026-08-31,CIBUBUR,Service,2480000.0
2026-08-31,CIKAMPEK,Gadget & Aksesoris,10530000.0
2026-08-31,CIKAMPEK,Service,8540000.0
2026-08-31,CILANGKAP,Gadget & Aksesoris,17660000.0
2026-08-31,CILANGKAP,Service,10770000.0
2026-08-31,CINERE,Gadget & Aksesoris,7530000.0
2026-08-31,CINERE,Service,16930000.0
2026-08-31,CONDET,Gadget & Aksesoris,221550000.0
2026-08-31,CONDET,Service,22390000.0
2026-08-31,DRAMAGA,Gadget & Aksesoris,180000.0
2026-08-31,DRAMAGA,Service,19860000.0
2026-08-31,JATIBENING,Gadget & Aksesoris,560000.0
2026-08-31,JATIBENING,Service,16770000.0
2026-08-31,JATIMULYA,Gadget & Aksesoris,370000.0
2026-08-31,JATIMULYA,Service,21140000.0
2026-08-31,JATIWARINGIN,Gadget & Aksesoris,1290000.0
2026-08-31,JATIWARINGIN,Service,11049746.0
2026-08-31,KLENDER,Gadget & Aksesoris,7590000.0
2026-08-31,KLENDER,Service,21200000.0
2026-08-31,PEJATEN,Service,1260000.0
2026-08-31,RADJIMAN,Service,13700000.0
2026-08-31,SAWANGAN,Gadget & Aksesoris,16740000.0
2026-08-31,SAWANGAN,Service,15960000.0
2026-08-31,TELUKJ,Gadget & Aksesoris,2534000.0
2026-08-31,TELUKJ,Service,16400000.0
2026-08-31,WARBONG,Gadget & Aksesoris,270000.0
2026-08-31,WARBONG,Service,6520000.0
2026-09-01,BINTARA,Gadget & Aksesoris,28350000.0
2026-09-01,BINTARA,Service,20360000.0
2026-09-01,CEGER,Gadget & Aksesoris,1180000.0
2026-09-01,CEGER,Service,21300000.0
2026-09-01,CIBINONG,Gadget & Aksesoris,410000.0
2026-09-01,CIBINONG,Service,5600000.0
2026-09-01,CIBUBUR,Gadget & Aksesoris,7250000.0
2026-09-01,CIBUBUR,Service,3810000.0
2026-09-01,CIKAMPEK,Gadget & Aksesoris,9500000.0
2026-09-01,CIKAMPEK,Service,18930000.0
2026-09-01,CILANGKAP,Gadget & Aksesoris,4220000.0
2026-09-01,CILANGKAP,Service,22610000.0
2026-09-01,CINERE,Gadget & Aksesoris,11580000.0
2026-09-01,CINERE,Service,8999000.0
2026-09-01,CONDET,Gadget & Aksesoris,340000.0
2026-09-01,CONDET,Service,10620000.0
2026-09-01,DRAMAGA,Gadget & Aksesoris,360000.0
2026-09-01,DRAMAGA,Service,15902000.0
2026-09-01,JATIBENING,Gadget & Aksesoris,6760000.0
2026-09-01,JATIBENING,Service,7580000.0
2026-09-01,JATIMULYA,Gadget & Aksesoris,160000.0
2026-09-01,JATIMULYA,Service,20990000.0
2026-09-01,JATIWARINGIN,Gadget & Aksesoris,500000.0
2026-09-01,JATIWARINGIN,Service,8530000.0
2026-09-01,KLENDER,Gadget & Aksesoris,1970000.0
2026-09-01,KLENDER,Service,33300000.0
2026-09-01,PEJATEN,Gadget & Aksesoris,11050000.0
2026-09-01,PEJATEN,Service,6460000.0
2026-09-01,RADJIMAN,Gadget & Aksesoris,210000.0
2026-09-01,RADJIMAN,Service,6830000.0
2026-09-01,SAWANGAN,Gadget & Aksesoris,18240000.0
2026-09-01,SAWANGAN,Service,25250000.0
2026-09-01,TELUKJ,Gadget & Aksesoris,320000.0
2026-09-01,TELUKJ,Service,20250000.0
2026-09-01,WARBONG,Gadget & Aksesoris,5087400.0
2026-09-01,WARBONG,Service,12100000.0
2026-09-02,BINTARA,Gadget & Aksesoris,640000.0
2026-09-02,BINTARA,Service,27040000.0
2026-09-02,CEGER,Gadget & Aksesoris,730000.0
2026-09-02,CEGER,Service,13440000.0
2026-09-02,CIBINONG,Gadget & Aksesoris,2530000.0
2026-09-02,CIBINONG,Service,13380000.0
2026-09-02,CIBUBUR,Gadget & Aksesoris,50000.0
2026-09-02,CIBUBUR,Service,11514000.0
2026-09-02,CIKAMPEK,Gadget & Aksesoris,184820000.0
2026-09-02,CIKAMPEK,Service,7360000.0
2026-09-02,CILANGKAP,Gadget & Aksesoris,3630000.0
2026-09-02,CILANGKAP,Service,19159500.0
2026-09-02,CINERE,Gadget & Aksesoris,170000.0
2026-09-02,CINERE,Service,16160000.0
2026-09-02,CONDET,Gadget & Aksesoris,7420000.0
2026-09-02,CONDET,Service,24700000.0
2026-09-02,DRAMAGA,Gadget & Aksesoris,830000.0
2026-09-02,DRAMAGA,Service,8330000.0
2026-09-02,JATIBENING,Gadget & Aksesoris,13900000.0
2026-09-02,JATIBENING,Service,20755000.0
2026-09-02,JATIMULYA,Gadget & Aksesoris,950000.0
2026-09-02,JATIMULYA,Service,17877000.0
2026-09-02,JATIWARINGIN,Gadget & Aksesoris,13410000.0
2026-09-02,JATIWARINGIN,Service,11650000.0
2026-09-02,KLENDER,Gadget & Aksesoris,12334000.0
2026-09-02,KLENDER,Service,11490000.0
2026-09-02,PEJATEN,Gadget & Aksesoris,790000.0
2026-09-02,PEJATEN,Service,3780000.0
2026-09-02,RADJIMAN,Gadget & Aksesoris,128000000.0
2026-09-02,RADJIMAN,Service,9580000.0
2026-09-02,SAWANGAN,Gadget & Aksesoris,1910000.0
2026-09-02,SAWANGAN,Service,6325000.0
2026-09-02,TELUKJ,Gadget & Aksesoris,1724000.0
2026-09-02,TELUKJ,Service,14060000.0
2026-09-02,WARBONG,Gadget & Aksesoris,570000.0
2026-09-02,WARBONG,Service,14960000.0
2026-09-03,BINTARA,Gadget & Aksesoris,9950000.0
2026-09-03,BINTARA,Service,17025000.0
2026-09-03,CEGER,Service,12200000.0
2026-09-03,CIBINONG,Gadget & Aksesoris,6000000.0
2026-09-03,CIBINONG,Service,4830000.0
2026-09-03,CIBUBUR,Gadget & Aksesoris,70000.0
2026-09-03,CIBUBUR,Service,2565000.0
2026-09-03,CIKAMPEK,Service,4840000.0
2026-09-03,CILANGKAP,Gadget & Aksesoris,5600000.0
2026-09-03,CILANGKAP,Service,8250000.0
2026-09-03,CINERE,Gadget & Aksesoris,855000.0
2026-09-03,CINERE,Service,14315000.0
2026-09-03,CONDET,Gadget & Aksesoris,3364000.0
2026-09-03,CONDET,Service,7315000.0
2026-09-03,DRAMAGA,Gadget & Aksesoris,370000.0
2026-09-03,DRAMAGA,Service,5420000.0
2026-09-03,JATIBENING,Gadget & Aksesoris,8960000.0
2026-09-03,JATIBENING,Service,7900000.0
2026-09-03,JATIMULYA,Gadget & Aksesoris,200000.0
2026-09-03,JATIMULYA,Service,11015000.0
2026-09-03,JATIWARINGIN,Gadget & Aksesoris,6180000.0
2026-09-03,JATIWARINGIN,Service,6640000.0
2026-09-03,KLENDER,Gadget & Aksesoris,896000.0
2026-09-03,KLENDER,Service,8680000.0
2026-09-03,PEJATEN,Gadget & Aksesoris,395000.0
2026-09-03,PEJATEN,Service,2760000.0
2026-09-03,RADJIMAN,Service,5345000.0
2026-09-03,SAWANGAN,Gadget & Aksesoris,350000.0
2026-09-03,SAWANGAN,Service,6522500.0
2026-09-03,TELUKJ,Gadget & Aksesoris,306000.0
2026-09-03,TELUKJ,Service,8400000.0
2026-09-03,WARBONG,Gadget & Aksesoris,3000000.0
2026-09-03,WARBONG,Service,5760000.0
2026-09-04,BINTARA,Gadget & Aksesoris,6925000.0
2026-09-04,BINTARA,Service,7280000.0
2026-09-04,CEGER,Gadget & Aksesoris,12600000.0
2026-09-04,CEGER,Service,7845000.0
2026-09-04,CIBINONG,Gadget & Aksesoris,340000.0
2026-09-04,CIBINONG,Service,4170000.0
2026-09-04,CIBUBUR,Gadget & Aksesoris,4420000.0
2026-09-04,CIBUBUR,Service,2998000.0
2026-09-04,CIKAMPEK,Gadget & Aksesoris,330000.0
2026-09-04,CIKAMPEK,Service,1370000.0
2026-09-04,CILANGKAP,Gadget & Aksesoris,10214000.0
2026-09-04,CILANGKAP,Service,8740000.0
2026-09-04,CINERE,Gadget & Aksesoris,345000.0
2026-09-04,CINERE,Service,4197650.0
2026-09-04,CONDET,Gadget & Aksesoris,13500000.0
2026-09-04,CONDET,Service,5960000.0
2026-09-04,DRAMAGA,Gadget & Aksesoris,380000.0
2026-09-04,DRAMAGA,Service,14065000.0
2026-09-04,JATIBENING,Gadget & Aksesoris,7080000.0
2026-09-04,JATIBENING,Service,5050000.0
2026-09-04,JATIMULYA,Gadget & Aksesoris,6070000.0
2026-09-04,JATIMULYA,Service,5325000.0
2026-09-04,JATIWARINGIN,Gadget & Aksesoris,220000.0
2026-09-04,JATIWARINGIN,Service,3695000.0
2026-09-04,KLENDER,Gadget & Aksesoris,780000.0
2026-09-04,KLENDER,Service,14218000.0
2026-09-04,PEJATEN,Gadget & Aksesoris,348500.0
2026-09-04,PEJATEN,Service,1205000.0
2026-09-04,RADJIMAN,Service,5210000.0
2026-09-04,SAWANGAN,Gadget & Aksesoris,175000.0
2026-09-04,SAWANGAN,Service,5395000.0
2026-09-04,TELUKJ,Gadget & Aksesoris,797000.0
2026-09-04,TELUKJ,Service,6660000.0
2026-09-04,WARBONG,Gadget & Aksesoris,125000.0
2026-09-04,WARBONG,Service,5590000.0
2026-09-05,BINTARA,Gadget & Aksesoris,100000.0
2026-09-05,BINTARA,Service,8925000.0
2026-09-05,CEGER,Gadget & Aksesoris,5780000.0
2026-09-05,CEGER,Service,14280000.0
2026-09-05,CIBINONG,Gadget & Aksesoris,3390000.0
2026-09-05,CIBINONG,Service,5010000.0
2026-09-05,CIBUBUR,Gadget & Aksesoris,280000.0
2026-09-05,CIBUBUR,Service,5880000.0
2026-09-05,CIKAMPEK,Gadget & Aksesoris,5350000.0
2026-09-05,CIKAMPEK,Service,7040000.0
2026-09-05,CILANGKAP,Gadget & Aksesoris,410000.0
2026-09-05,CILANGKAP,Service,12725000.0
2026-09-05,CINERE,Gadget & Aksesoris,5470000.0
2026-09-05,CINERE,Service,6624000.0
2026-09-05,CONDET,Gadget & Aksesoris,150000.0
2026-09-05,CONDET,Service,11190000.0
2026-09-05,DRAMAGA,Service,4020000.0
2026-09-05,JATIBENING,Gadget & Aksesoris,23310000.0
2026-09-05,JATIBENING,Service,6492000.0
2026-09-05,JATIMULYA,Gadget & Aksesoris,220000.0
2026-09-05,JATIMULYA,Service,7295000.0
2026-09-05,JATIWARINGIN,Gadget & Aksesoris,275000.0
2026-09-05,JATIWARINGIN,Service,6201000.0
2026-09-05,KLENDER,Gadget & Aksesoris,749000.0
2026-09-05,KLENDER,Service,14175000.0
2026-09-05,PEJATEN,Gadget & Aksesoris,100000.0
2026-09-05,PEJATEN,Service,2550000.0
2026-09-05,RADJIMAN,Gadget & Aksesoris,75000.0
2026-09-05,RADJIMAN,Service,4030000.0
2026-09-05,SAWANGAN,Gadget & Aksesoris,650000.0
2026-09-05,SAWANGAN,Service,7630000.0
2026-09-05,TELUKJ,Gadget & Aksesoris,730000.0
2026-09-05,TELUKJ,Service,8600000.0
2026-09-05,WARBONG,Gadget & Aksesoris,765000.0
2026-09-05,WARBONG,Service,8550000.0
2026-09-06,BINTARA,Gadget & Aksesoris,650000.0
2026-09-06,BINTARA,Service,18390000.0
2026-09-06,CEGER,Gadget & Aksesoris,6140000.0
2026-09-06,CEGER,Service,6955000.0
2026-09-06,CIBINONG,Gadget & Aksesoris,3935000.0
2026-09-06,CIBINONG,Service,4220000.0
2026-09-06,CIBUBUR,Gadget & Aksesoris,373000.0
2026-09-06,CIBUBUR,Service,1110000.0
2026-09-06,CIKAMPEK,Gadget & Aksesoris,4495000.0
2026-09-06,CIKAMPEK,Service,3705000.0
2026-09-06,CILANGKAP,Gadget & Aksesoris,500000.0
2026-09-06,CILANGKAP,Service,10110000.0
2026-09-06,CINERE,Gadget & Aksesoris,55000.0
2026-09-06,CINERE,Service,7354950.0
2026-09-06,CONDET,Gadget & Aksesoris,270000.0
2026-09-06,CONDET,Service,6952000.0
2026-09-06,DRAMAGA,Gadget & Aksesoris,400000.0
2026-09-06,DRAMAGA,Service,4300000.0
2026-09-06,JATIBENING,Gadget & Aksesoris,300000.0
2026-09-06,JATIBENING,Service,4890000.0
2026-09-06,JATIMULYA,Gadget & Aksesoris,1240000.0
2026-09-06,JATIMULYA,Service,6000500.0
2026-09-06,JATIWARINGIN,Gadget & Aksesoris,215000.0
2026-09-06,JATIWARINGIN,Service,4605000.0
2026-09-06,KLENDER,Gadget & Aksesoris,13943000.0
2026-09-06,KLENDER,Service,10810000.0
2026-09-06,PEJATEN,Gadget & Aksesoris,405000.0
2026-09-06,PEJATEN,Service,360000.0
2026-09-06,RADJIMAN,Gadget & Aksesoris,75000.0
2026-09-06,RADJIMAN,Service,3260000.0
2026-09-06,SAWANGAN,Gadget & Aksesoris,320000.0
2026-09-06,SAWANGAN,Service,6900000.0
2026-09-06,TELUKJ,Gadget & Aksesoris,1335000.0
2026-09-06,TELUKJ,Service,6400000.0
2026-09-06,WARBONG,Gadget & Aksesoris,1150000.0
2026-09-06,WARBONG,Service,3135000.0
2026-09-07,BINTARA,Gadget & Aksesoris,230000.0
2026-09-07,BINTARA,Service,9605000.0
2026-09-07,CEGER,Service,11750000.0
2026-09-07,CIBINONG,Gadget & Aksesoris,274000.0
2026-09-07,CIBINONG,Service,3650000.0
2026-09-07,CIBUBUR,Gadget & Aksesoris,40000.0
2026-09-07,CIBUBUR,Service,1000000.0
2026-09-07,CIKAMPEK,Gadget & Aksesoris,245000.0
2026-09-07,CIKAMPEK,Service,6180000.0
2026-09-07,CILANGKAP,Gadget & Aksesoris,7650000.0
2026-09-07,CILANGKAP,Service,6115000.0
2026-09-07,CINERE,Gadget & Aksesoris,500000.0
2026-09-07,CINERE,Service,5230000.0
2026-09-07,CONDET,Gadget & Aksesoris,300000.0
2026-09-07,CONDET,Service,5560000.0
2026-09-07,DRAMAGA,Gadget & Aksesoris,5740000.0
2026-09-07,DRAMAGA,Service,4585000.0
2026-09-07,JATIBENING,Gadget & Aksesoris,31930000.0
2026-09-07,JATIBENING,Service,12520000.0
2026-09-07,JATIMULYA,Gadget & Aksesoris,245000.0
2026-09-07,JATIMULYA,Service,4965000.0
2026-09-07,JATIWARINGIN,Gadget & Aksesoris,150000.0
2026-09-07,JATIWARINGIN,Service,6600000.0
2026-09-07,KLENDER,Gadget & Aksesoris,5364000.0
2026-09-07,KLENDER,Service,9000000.0
2026-09-07,PEJATEN,Gadget & Aksesoris,309200.0
2026-09-07,PEJATEN,Service,5700000.0
2026-09-07,RADJIMAN,Service,2905000.0
2026-09-07,SAWANGAN,Gadget & Aksesoris,645000.0
2026-09-07,SAWANGAN,Service,12600000.0
2026-09-07,TELUKJ,Gadget & Aksesoris,1510000.0
2026-09-07,TELUKJ,Service,5570000.0
2026-09-07,WARBONG,Service,27650000.0
2026-09-08,BINTARA,Gadget & Aksesoris,4250000.0
2026-09-08,BINTARA,Service,9380000.0
2026-09-08,CEGER,Gadget & Aksesoris,100000.0
2026-09-08,CEGER,Service,10800000.0
2026-09-08,CIBINONG,Gadget & Aksesoris,12860000.0
2026-09-08,CIBINONG,Service,10880000.0
2026-09-08,CIBUBUR,Gadget & Aksesoris,726000.0
2026-09-08,CIBUBUR,Service,3870000.0
2026-09-08,CIKAMPEK,Gadget & Aksesoris,535000.0
2026-09-08,CIKAMPEK,Service,6360000.0
2026-09-08,CILANGKAP,Gadget & Aksesoris,190000.0
2026-09-08,CILANGKAP,Service,9460000.0
2026-09-08,CINERE,Gadget & Aksesoris,525000.0
2026-09-08,CINERE,Service,10469950.0
2026-09-08,CONDET,Gadget & Aksesoris,5840000.0
2026-09-08,CONDET,Service,6620000.0
2026-09-08,DRAMAGA,Gadget & Aksesoris,325000.0
2026-09-08,DRAMAGA,Service,6595000.0
2026-09-08,JATIBENING,Gadget & Aksesoris,37000.0
2026-09-08,JATIBENING,Service,7165000.0
2026-09-08,JATIMULYA,Gadget & Aksesoris,410000.0
2026-09-08,JATIMULYA,Service,8170000.0
2026-09-08,JATIWARINGIN,Gadget & Aksesoris,1150000.0
2026-09-08,JATIWARINGIN,Service,8775000.0
2026-09-08,KLENDER,Gadget & Aksesoris,8977000.0
2026-09-08,KLENDER,Service,9795000.0
2026-09-08,PEJATEN,Gadget & Aksesoris,90000.0
2026-09-08,PEJATEN,Service,450000.0
2026-09-08,RADJIMAN,Gadget & Aksesoris,46000000.0
2026-09-08,RADJIMAN,Service,4580000.0
2026-09-08,SAWANGAN,Gadget & Aksesoris,6385000.0
2026-09-08,SAWANGAN,Service,8495000.0
2026-09-08,TELUKJ,Gadget & Aksesoris,320000.0
2026-09-08,TELUKJ,Service,6080000.0
2026-09-08,WARBONG,Gadget & Aksesoris,32910000.0
2026-09-08,WARBONG,Service,4200000.0
2026-09-09,BINTARA,Gadget & Aksesoris,879000.0
2026-09-09,BINTARA,Service,8485000.0
2026-09-09,CEGER,Gadget & Aksesoris,4650000.0
2026-09-09,CEGER,Service,10515000.0
2026-09-09,CIBINONG,Gadget & Aksesoris,343000.0
2026-09-09,CIBINONG,Service,4378500.0
2026-09-09,CIBUBUR,Gadget & Aksesoris,9380000.0
2026-09-09,CIBUBUR,Service,5405000.0
2026-09-09,CIKAMPEK,Gadget & Aksesoris,340000.0
2026-09-09,CIKAMPEK,Service,3030000.0
2026-09-09,CILANGKAP,Gadget & Aksesoris,12805000.0
2026-09-09,CILANGKAP,Service,13485000.0
2026-09-09,CINERE,Gadget & Aksesoris,100000.0
2026-09-09,CINERE,Service,6855000.0
2026-09-09,CONDET,Gadget & Aksesoris,20770000.0
2026-09-09,CONDET,Service,6345000.0
2026-09-09,DRAMAGA,Gadget & Aksesoris,3100000.0
2026-09-09,DRAMAGA,Service,9810000.0
2026-09-09,JATIBENING,Gadget & Aksesoris,2910000.0
2026-09-09,JATIBENING,Service,3045000.0
2026-09-09,JATIMULYA,Gadget & Aksesoris,225000.0
2026-09-09,JATIMULYA,Service,9300000.0
2026-09-09,JATIWARINGIN,Gadget & Aksesoris,855000.0
2026-09-09,JATIWARINGIN,Service,1040000.0
2026-09-09,KLENDER,Gadget & Aksesoris,800000.0
2026-09-09,KLENDER,Service,12020000.0
2026-09-09,PEJATEN,Gadget & Aksesoris,511000.0
2026-09-09,PEJATEN,Service,730000.0
2026-09-09,RADJIMAN,Gadget & Aksesoris,75000.0
2026-09-09,RADJIMAN,Service,3580000.0
2026-09-09,SAWANGAN,Gadget & Aksesoris,325000.0
2026-09-09,SAWANGAN,Service,11360000.0
2026-09-09,TELUKJ,Gadget & Aksesoris,845000.0
2026-09-09,TELUKJ,Service,8860000.0
2026-09-09,WARBONG,Gadget & Aksesoris,150000.0
2026-09-09,WARBONG,Service,3703575.0
